replica,cpu,heap,previous_tps,instant_tps,inc_tps,out_tps,cpu_usage,memory_usage,reward,sum_reward,response_time,num_request,num_failures,expected_tps
4,9,5,0.0,16.27,6,8,0.02,0.742,0.8435778444444444,0.8435778444444444,30.97,16.27,0,18
6,8,5,16.27,18.19,55,59,0.325,0.615,0.92725,1.7708278444444443,33.21,18.18,0,18
6,5,7,18.19,3.85,10,12,0.384,0.603,0.5825525142857143,2.3533803587301585,270.05,3.85,0,9
6,6,6,3.85,7.72,15,19,0.232,0.625,0.8003334666666666,3.1537138253968253,71.96,7.72,0,9
4,5,7,7.72,7.73,25,29,0.452,0.626,0.6173235428571429,3.7710373682539684,293.96,7.73,0,18
1,6,4,7.73,10.13,9,12,0.571,0.579,0.7376668,4.508704168253969,200.32,10.13,0,18
1,5,6,10.13,4.67,6,8,0.491,0.569,0.5417330666666667,5.0504372349206355,481.13,4.67,0,18
6,7,4,4.67,18.3,22,27,0.367,0.577,0.9933571428571428,6.043794377777778,32.6,18.3,0,18
3,7,5,18.3,18.3,116,124,0.357,0.649,0.9616,7.005394377777778,27.54,18.29,0,18
1,6,4,18.3,11.52,11,14,0.574,0.564,0.784,7.789394377777778,174.38,11.52,0,18
1,8,4,11.52,9.11,62,74,0.739,0.602,1.0,8.789394377777779,35.36,9.11,0,9
2,4,8,9.11,7.0,63,76,0.371,0.654,0.5823334,9.371727777777778,331.55,7.0,0,18
1,4,9,7.0,2.27,19,24,0.393,0.7,0.4277221555555556,9.799449933333333,849.61,2.27,0,18
1,7,5,2.27,22.25,247,298,0.699,0.578,0.8944444,10.693894333333333,132.81,22.25,0,27
6,8,5,22.25,16.89,42,47,0.36,0.593,0.8901998,11.584094133333332,47.12,16.89,0,18
6,6,4,16.89,16.86,11,14,0.38,0.57,0.9620002,12.546094333333333,72.86,16.86,0,18
6,4,9,16.86,3.15,11,14,0.294,0.681,0.4033333333333333,12.949427666666665,842.88,3.15,0,18
2,7,7,3.15,18.16,113,127,0.534,0.675,0.9454285714285715,13.894856238095237,39.4,18.15,0,18
5,7,8,18.16,18.11,34,39,0.366,0.648,0.8665714285714285,14.761427666666666,44.48,18.11,0,18
1,7,7,18.11,15.56,57,72,0.679,0.615,0.8883806857142857,15.649808352380951,114.6,15.56,0,18
2,7,7,15.56,13.22,147,152,0.417,0.659,0.7480949714285714,16.397903323809523,100.23,13.22,1,18
3,7,8,13.22,18.45,112,120,0.327,0.695,0.8671785714285714,17.265081895238094,27.57,18.45,0,18
3,9,7,18.45,18.67,146,154,0.347,0.694,0.8753968253968254,18.14047872063492,22.92,18.67,0,18
1,7,6,18.67,9.11,52,62,0.669,0.597,0.9901428571428572,19.130621577777777,54.52,9.11,0,9
5,6,6,9.11,0.76,14,17,0.327,0.61,0.36299973333333335,19.49362131111111,1337.66,0.76,0,9
2,4,4,0.76,8.11,55,69,0.355,0.597,0.6703336,20.16395491111111,281.58,8.11,0,18
3,8,7,8.11,18.31,65,68,0.258,0.606,0.8376428571428571,21.001597768253966,29.9,18.32,0,18
6,7,5,18.31,16.77,25,29,0.391,0.609,0.9139808857142857,21.91557865396825,50.88,16.76,0,18
2,4,9,16.77,4.13,51,63,0.383,0.708,0.4864997333333333,22.402078387301582,659.1,4.13,0,18
5,9,7,4.13,18.45,60,65,0.369,0.64,0.8648571428571428,23.266935530158726,30.95,18.45,0,18
2,9,5,18.45,18.22,174,180,0.511,0.633,0.9667555555555556,24.23369108571428,27.13,18.22,0,18
1,5,9,18.22,4.86,8,10,0.489,0.612,0.6556,24.88929108571428,204.78,4.86,0,9
6,9,8,4.86,17.33,44,47,0.311,0.631,0.8045279111111111,25.693818996825392,37.94,17.33,0,18
2,4,7,17.33,12.08,47,60,0.371,0.609,0.7621666,26.455985596825393,165.47,12.08,0,18
3,5,8,12.08,13.33,48,54,0.382,0.626,0.7536336,27.209619196825393,150.8,13.33,0,18
3,5,6,13.33,16.52,74,82,0.381,0.665,0.9247334666666667,28.13435266349206,116.68,16.52,0,18
2,7,8,16.52,18.12,62,72,0.601,0.649,0.9339642857142857,29.068316949206345,48.08,18.13,0,18
3,8,6,18.12,9.0,31,36,0.492,0.603,0.924,29.992316949206344,28.43,9.0,0,9
4,4,7,9.0,11.18,29,33,0.33,0.643,0.7213808857142857,30.71369783492063,191.6,11.18,0,18
6,5,4,11.18,6.97,13,16,0.33,0.626,0.6323332,31.34603103492063,270.91,6.97,0,18
6,8,7,6.97,16.73,19,23,0.495,0.594,0.8514642857142858,32.197495320634914,47.8,16.74,0,18
6,6,6,16.73,12.91,20,23,0.41,0.611,0.7706665333333333,32.96816185396825,129.12,12.91,0,18
5,8,7,12.91,18.16,55,61,0.361,0.658,0.87825,33.84641185396825,35.94,18.15,0,18
1,5,7,18.16,5.38,5,7,0.5,0.557,0.5384762571428572,34.3848881111111,372.44,5.38,0,18
3,6,6,5.38,18.4,73,81,0.369,0.651,0.9400000000000001,35.3248881111111,42.73,18.4,0,18
6,5,4,18.4,4.86,8,11,0.211,0.623,0.7199,36.0447881111111,150.1,4.86,0,9
4,6,4,4.86,24.58,36,42,0.459,0.632,0.946222,36.9910101111111,78.47,24.58,0,27
1,5,4,24.58,4.47,8,10,0.486,0.53,0.5489998,37.5400099111111,440.77,4.47,0,18
3,7,4,4.47,18.53,102,110,0.423,0.647,1.0,38.5400099111111,27.44,18.53,0,18
1,5,4,18.53,6.41,6,7,0.487,0.574,0.6136666000000001,39.1536765111111,316.41,6.41,0,18
5,5,4,6.41,0.74,46,53,0.452,0.556,0.4246666,39.5783431111111,2696.11,0.74,0,18
1,7,4,0.74,15.14,36,45,0.668,0.591,0.9046666,40.4830097111111,131.26,15.14,0,18
3,4,5,15.14,6.42,55,63,0.328,0.676,0.6140002,41.0970099111111,459.69,6.42,0,18
4,8,4,6.42,18.2,51,56,0.561,0.599,1.0,42.0970099111111,28.08,18.21,0,18
3,5,6,18.2,17.42,59,66,0.309,0.664,0.9256001333333335,43.022610044444434,84.99,17.42,0,18
6,7,4,17.42,18.16,24,28,0.376,0.585,0.9999285714285714,44.022538615873,43.39,18.16,0,18
3,8,4,18.16,18.23,54,59,0.276,0.6,0.969,44.991538615873004,26.64,18.24,0,18
5,9,4,18.23,18.73,64,69,0.355,0.626,0.9918888888888888,45.98342750476189,28.93,18.73,0,18
3,7,5,18.73,18.28,116,123,0.349,0.629,0.9513142857142858,46.934741790476174,32.12,18.28,0,18
1,4,8,18.28,2.16,19,25,0.4,0.755,0.5327500000000001,47.467491790476174,522.12,2.16,0,9
4,6,9,2.16,24.27,73,81,0.362,0.728,0.8217778444444443,48.28926963492062,80.26,24.27,0,27
5,6,5,24.27,15.52,26,29,0.413,0.613,0.9001998666666667,49.18946950158729,78.36,15.52,0,18
4,9,4,15.52,18.08,86,92,0.388,0.636,1.0,50.18946950158729,27.57,18.08,0,18
4,5,8,18.08,7.67,23,28,0.434,0.63,0.5867666,50.77623610158729,258.17,7.67,0,18
5,5,4,7.67,12.23,30,33,0.398,0.646,0.8076664,51.58390250158729,129.57,12.23,0,18
1,7,4,12.23,8.94,126,144,0.61,0.662,0.9959998,52.57990230158729,45.8,8.94,0,9
1,6,5,8.94,8.19,9,12,0.577,0.571,0.9460000000000001,53.52590230158729,98.87,8.19,0,9
6,7,7,8.19,16.55,29,33,0.363,0.629,0.8350949714285715,54.36099727301586,52.31,16.55,0,18
6,9,8,16.55,17.84,77,81,0.321,0.667,0.8327499333333332,55.193747206349194,30.43,17.84,0,18
4,4,5,17.84,6.58,27,32,0.347,0.647,0.6193336,55.81308080634919,339.94,6.58,0,18
6,7,8,6.58,17.77,60,64,0.3,0.701,0.8529644857142857,56.66604529206348,37.62,17.76,0,18
2,9,4,17.77,18.08,179,189,0.505,0.66,1.0,57.66604529206348,26.56,18.08,0,18
6,7,9,18.08,18.6,34,38,0.387,0.65,0.855015873015873,58.52106116507935,29.55,18.59,0,18
1,4,8,18.6,0.33,5,6,0.393,0.514,0.3470002,58.86806136507935,3641.68,0.33,0,9
6,6,6,0.33,19.88,10,12,0.469,0.571,0.7882222666666667,59.656283631746014,195.73,19.87,0,27
6,4,5,19.88,1.92,10,12,0.299,0.606,0.4559002,60.112183831746016,1179.13,1.92,0,18
3,4,5,1.92,17.88,36,42,0.211,0.697,0.9799668000000001,61.092150631746016,67.72,17.87,0,18
2,5,7,17.88,13.17,68,82,0.418,0.635,0.7876287714285715,61.87977940317459,166.72,13.17,0,18
5,5,6,13.17,8.48,19,22,0.377,0.701,0.6671332666666667,62.546912669841255,273.16,8.48,0,18
4,6,6,8.48,17.66,72,78,0.333,0.645,0.9146666,63.46157926984125,49.62,17.66,0,18
3,8,6,17.66,9.11,74,83,0.263,0.614,0.8704166666666666,64.33199593650792,23.55,9.11,0,9
1,6,7,9.11,10.45,20,26,0.591,0.597,0.7159050285714286,65.04790096507935,199.23,10.45,0,18
4,4,8,10.45,4.06,21,25,0.321,0.735,0.4795836,65.52748456507935,528.15,4.06,0,18
3,5,8,4.06,16.8,70,75,0.211,0.688,0.8160668,66.34355136507935,103.02,16.79,0,18
2,5,8,16.8,18.23,154,157,0.221,0.72,0.8684,67.21195136507934,27.01,18.24,0,18
2,4,6,18.23,2.13,40,50,0.385,0.606,0.4654998000000001,67.67745116507935,1052.68,2.13,0,18
6,5,6,2.13,16.4,33,37,0.424,0.663,0.9376002,68.61505136507935,89.89,16.41,0,18
1,5,6,16.4,9.0,196,211,0.143,0.767,0.9128666666666667,69.52791803174603,40.01,9.0,0,9
5,6,6,9.0,15.73,38,43,0.302,0.653,0.8426667333333333,70.37058476507936,66.88,15.73,1,18
6,4,4,15.73,1.57,10,13,0.256,0.603,0.4523332,70.82291796507936,1343.81,1.57,0,18
2,6,6,1.57,17.27,56,70,0.473,0.632,0.9439997333333333,71.76691769841268,73.12,17.27,0,18
5,5,5,17.27,0.47,22,25,0.387,0.574,0.4000666,72.16698429841269,2840.97,0.47,0,18
5,8,6,0.47,5.63,16,19,0.387,0.639,0.6850836,72.85206789841268,173.67,5.63,0,9
4,4,5,5.63,1.8,18,22,0.335,0.653,0.46,73.31206789841268,1357.41,1.8,0,18
3,8,4,1.8,9.33,63,70,0.357,0.586,0.98225,74.29431789841267,25.75,9.33,0,9
2,6,5,9.33,16.9,70,82,0.501,0.593,0.9636663999999999,75.25798429841267,81.14,16.91,0,18
1,6,6,16.9,9.39,19,25,0.6,0.561,0.7000002000000001,75.95798449841267,213.6,9.39,0,18
3,6,7,9.39,17.97,86,91,0.392,0.663,0.9190950380952382,76.8770795365079,46.74,17.97,0,18
3,5,4,17.97,12.93,49,56,0.227,0.582,0.8127998,77.6898793365079,157.61,12.93,0,18
2,6,6,12.93,16.94,68,80,0.513,0.588,0.9313336,0.0,107.72,16.93,0,18
6,5,9,16.94,10.73,23,26,0.329,0.703,0.6454888222222221,0.6454888222222221,167.78,10.73,0,18
2,7,7,10.73,17.12,179,195,0.522,0.717,0.9246666000000001,1.5701554222222223,46.7,17.12,0,18
1,5,4,17.12,5.33,18,23,0.49,0.648,0.5776666,2.1478220222222224,453.64,5.33,0,18
2,5,9,5.33,10.61,53,63,0.433,0.727,0.6884219555555555,2.836243977777778,217.18,10.61,0,18
4,8,5,10.61,27.34,106,114,0.446,0.638,0.9667,3.802943977777778,30.4,27.34,0,27
3,6,7,27.34,18.23,83,88,0.41,0.646,0.9212380952380952,4.724182073015873,44.52,18.23,0,18
1,6,6,18.23,9.14,9,11,0.593,0.596,0.7010001333333333,5.425182206349207,223.42,9.14,0,18
3,6,7,9.14,18.61,72,77,0.5,0.661,0.9555238095238096,6.380706015873016,52.7,18.61,0,18
5,4,8,18.61,1.59,31,36,0.298,0.683,0.37274979999999996,6.753455815873016,1279.3,1.59,0,18
6,5,4,1.59,13.2,17,20,0.258,0.652,0.8399998,7.593455615873016,124.42,13.2,0,18
2,4,5,13.2,7.67,51,61,0.336,0.59,0.6556666,8.249122215873015,273.34,7.67,0,18
6,6,6,7.67,14.82,16,19,0.413,0.598,0.8309998000000001,9.080122015873016,90.3,14.82,0,18
1,7,4,14.82,15.49,71,89,0.67,0.589,0.9163336,9.996455615873016,128.04,15.49,0,18
3,8,4,15.49,18.0,58,63,0.29,0.6,0.9724999999999999,10.968955615873016,28.05,18.0,0,18
6,4,5,18.0,1.47,9,11,0.292,0.612,0.4398002,11.408755815873016,1500.84,1.47,0,18
4,4,6,1.47,7.52,17,21,0.31,0.615,0.8613336,12.270089415873016,75.25,7.52,0,9
4,7,5,7.52,27.34,73,80,0.489,0.63,0.9917142857142858,13.261803701587302,46.51,27.35,0,27
6,6,7,27.34,15.94,17,20,0.416,0.617,0.846285980952381,14.108089682539683,73.75,15.94,0,18
3,4,6,15.94,5.73,64,70,0.312,0.666,0.5689998000000001,14.677089482539683,449.44,5.73,0,18
4,9,9,5.73,18.2,38,44,0.577,0.681,0.8795555555555555,15.556645038095239,25.99,18.21,0,18
5,6,9,18.2,23.23,40,44,0.409,0.677,0.8032223777777776,16.359867415873016,89.94,23.24,0,27
4,5,8,23.23,15.0,27,32,0.471,0.649,0.8506498,17.210517215873015,128.4,15.0,0,18
3,5,9,15.0,17.38,64,70,0.314,0.728,0.8667113777777777,18.077228593650794,74.35,17.38,0,18
2,8,6,17.38,26.7,199,227,0.617,0.641,0.9614720666666666,19.03870066031746,58.57,26.71,0,27
1,6,4,26.7,8.76,11,15,0.599,0.56,0.6920002000000001,19.73070086031746,234.14,8.76,0,18
6,7,8,8.76,15.73,14,17,0.378,0.635,0.7910834,20.52178426031746,73.11,15.73,0,18
6,9,9,15.73,18.27,61,67,0.361,0.655,0.8257777777777777,21.347562038095237,24.39,18.26,0,18
6,7,9,18.27,16.17,22,26,0.409,0.674,0.8056347206349207,22.153196758730157,62.17,16.17,0,18
6,6,4,16.17,9.28,13,16,0.421,0.597,0.7093336,22.862530358730158,224.17,9.28,0,18
4,8,7,9.28,9.16,44,50,0.304,0.619,0.8528571428571428,23.7153875015873,30.07,9.16,0,9
2,7,6,9.16,16.98,146,160,0.568,0.638,0.9409521809523809,24.65633968253968,50.97,16.98,0,18
5,9,5,16.98,18.22,65,71,0.357,0.614,0.9249333333333334,25.581273015873013,27.9,18.22,0,18
2,5,8,18.22,9.8,46,55,0.494,0.575,0.6680164000000001,26.24928941587301,271.81,9.8,0,18
2,7,5,9.8,17.06,97,112,0.496,0.627,0.9615140857142856,27.210803501587296,83.46,17.07,0,18
1,7,6,17.06,16.16,58,74,0.661,0.551,0.9111906095238096,28.121994111111107,114.78,16.16,0,18
4,7,4,16.16,17.67,54,60,0.452,0.597,0.9890002,29.110994311111106,53.33,17.67,0,18
6,7,4,17.67,12.16,58,62,0.304,0.636,0.8053336,29.916327911111107,105.79,12.16,0,18
6,9,9,12.16,18.69,51,55,0.344,0.63,0.8164444444444444,30.73277235555555,27.57,18.69,0,18
1,4,8,18.69,1.81,19,24,0.394,0.637,0.4165836,31.14935595555555,1355.13,1.81,0,18
6,8,9,1.81,18.45,33,37,0.504,0.65,0.8704444444444444,32.019800399999994,33.84,18.46,0,18
3,5,8,18.45,14.87,44,49,0.388,0.654,0.8143666,32.834166999999994,126.88,14.87,0,18
5,8,8,14.87,18.1,48,52,0.377,0.645,0.8554999999999999,33.68966699999999,45.17,18.09,0,18
6,7,9,18.1,17.69,22,25,0.363,0.641,0.8354919301587301,34.525158930158725,43.44,17.68,0,18
3,6,5,17.69,9.1,48,55,0.325,0.61,0.9523333333333334,35.47749226349206,31.22,9.1,0,9
6,6,6,9.1,14.91,17,21,0.396,0.623,0.8366664666666667,36.314158730158724,115.01,14.91,0,18
1,7,5,14.91,16.0,57,71,0.666,0.59,0.9333334,37.247492130158726,112.3,16.0,0,18
6,5,9,16.0,9.54,17,21,0.407,0.715,0.639688888888889,37.88718101904762,232.77,9.54,0,18
6,9,8,9.54,16.97,22,25,0.479,0.622,0.8276112444444446,38.714792263492065,42.4,16.97,0,18
6,6,8,16.97,10.24,13,16,0.388,0.631,0.6284167333333333,39.343208996825396,165.19,10.24,0,18
2,7,5,10.24,18.31,111,121,0.557,0.601,0.9995428571428572,40.34275185396825,36.16,18.32,0,18
4,5,5,18.31,0.48,9,11,0.405,0.582,0.42679980000000006,40.76955165396825,2476.25,0.48,0,9
4,5,6,0.48,6.27,23,28,0.431,0.603,0.5823998,41.35195145396825,392.48,6.27,0,18
5,4,7,6.27,0.74,28,32,0.289,0.661,0.3580237428571429,41.70997519682539,2532.84,0.74,0,18
5,4,7,0.74,7.07,13,17,0.289,0.707,0.5821668,42.29214199682539,290.87,7.07,0,18
2,5,5,7.07,15.29,57,62,0.405,0.622,0.9096664,43.20180839682539,110.93,15.29,0,18
4,5,5,15.29,5.57,103,109,0.37,0.618,0.5808664,43.78267479682539,387.13,5.57,0,18
6,6,4,5.57,13.23,13,16,0.393,0.602,0.841,44.62367479682539,106.97,13.23,0,18
6,9,5,13.23,18.69,61,65,0.346,0.605,0.9188888888888889,45.54256368571428,22.98,18.68,0,18
4,4,9,18.69,2.26,17,20,0.299,0.723,0.3855002666666667,45.928063952380946,902.9,2.26,0,18
5,4,7,2.26,2.81,15,19,0.294,0.646,0.4252380285714286,46.353301980952374,649.98,2.81,0,18
5,7,9,2.81,18.45,41,46,0.384,0.687,0.8623809523809525,47.215682933333326,36.93,18.45,0,18
6,5,5,18.45,11.51,32,36,0.398,0.671,0.7836664,47.99934933333333,164.13,11.51,0,18
6,4,6,11.51,0.73,12,15,0.346,0.617,0.40300026666666666,48.402349599999994,2671.7,0.73,0,18
1,6,6,0.73,8.27,8,10,0.578,0.517,0.6406664,49.043015999999994,245.91,8.27,0,18
5,4,7,8.27,1.0,23,28,0.309,0.652,0.3741193142857143,49.41713531428571,1994.22,1.0,0,18
1,4,7,1.0,9.67,22,25,0.294,0.716,0.5664602285714286,49.98359554285714,313.68,9.67,0,27
2,9,8,9.67,18.23,215,228,0.445,0.73,0.8813888888888889,50.864984431746024,26.0,18.23,0,18
1,8,5,18.23,17.94,74,92,0.794,0.59,0.9976666,51.862651031746026,82.17,17.93,0,18
6,4,9,17.94,0.7,11,14,0.294,0.688,0.3232222888888889,52.18587332063491,3144.46,0.7,0,18
4,4,4,0.7,4.44,20,24,0.311,0.62,0.5480002,52.73387352063491,521.53,4.44,0,18
6,8,8,4.44,18.02,42,47,0.362,0.628,0.8474999999999999,53.581373520634905,35.09,18.02,0,18
3,9,6,18.02,18.2,151,162,0.315,0.65,0.8866666666666667,54.46804018730157,18.49,18.21,0,18
3,7,4,18.2,18.52,107,115,0.349,0.674,1.0,55.46804018730157,28.32,18.52,0,18
3,7,8,18.52,18.56,108,113,0.361,0.694,0.8766428571428571,56.34468304444442,30.2,18.56,0,18
3,7,9,18.56,18.44,108,119,0.344,0.699,0.8536190476190475,57.19830209206347,32.12,18.43,0,18
1,7,6,18.44,14.86,53,65,0.668,0.564,0.8741907428571428,58.07249283492062,134.3,14.86,0,18
6,9,5,14.86,18.31,45,51,0.361,0.605,0.9222222222222223,58.99471505714284,27.27,18.31,0,18
6,5,9,18.31,1.4,11,13,0.409,0.674,0.36004457777777776,59.35475963492062,1644.19,1.4,0,18
4,4,6,1.4,5.87,32,37,0.336,0.643,0.5779999333333333,59.93275956825395,500.75,5.87,0,18
1,7,7,5.87,15.83,40,51,0.694,0.622,0.9036664000000001,60.83642596825395,119.59,15.83,0,18
2,7,5,15.83,18.16,116,134,0.464,0.604,0.9741714285714286,61.81059739682538,43.73,18.15,0,18
1,7,7,18.16,19.05,19,25,0.653,0.627,0.7890478857142857,62.59964528253966,160.57,19.05,0,27
6,9,6,19.05,17.45,49,52,0.323,0.608,0.8564444444444443,63.4560897269841,35.33,17.46,0,18
5,7,7,17.45,18.19,43,48,0.379,0.645,0.8925714285714286,64.34866115555553,43.25,18.18,0,18
6,4,6,18.19,1.24,10,13,0.3,0.621,0.39833340000000006,64.74699455555553,1861.61,1.24,0,18
5,4,7,1.24,3.55,13,16,0.284,0.653,0.44690462857142854,65.19389918412696,625.33,3.55,0,18
2,6,5,3.55,16.34,66,80,0.498,0.611,0.9449998,66.13889898412697,103.84,16.35,0,18
1,7,8,16.34,14.86,26,34,0.649,0.626,0.8372621714285714,66.97616115555554,127.41,14.86,0,18
5,6,7,14.86,7.37,18,22,0.362,0.602,0.5383330666666667,67.51449422222221,247.71,7.37,0,18
1,4,5,7.37,2.0,12,16,0.4,0.594,0.46666660000000004,67.98116082222221,1017.36,2.0,0,18
4,6,6,2.0,17.23,55,61,0.356,0.671,0.9166665333333334,68.89782735555553,51.71,17.23,0,18
1,7,5,17.23,14.67,14,18,0.652,0.642,0.889,69.78682735555553,136.23,14.67,0,18
4,7,4,14.67,18.38,49,57,0.426,0.626,1.0,70.78682735555553,35.31,18.38,0,18
6,7,5,18.38,16.77,19,23,0.393,0.617,0.9177523142857142,71.70457966984125,52.49,16.76,0,18
5,4,8,16.77,0.83,28,33,0.298,0.683,0.34741659999999996,72.05199626984125,2405.7,0.83,0,18
3,8,4,0.83,27.6,77,83,0.571,0.57,1.0,73.05199626984125,25.14,27.59,0,27
3,4,8,27.6,6.0,56,63,0.341,0.707,0.5472498,73.59924606984126,583.12,6.0,0,18
4,7,6,6.0,16.2,46,52,0.431,0.589,0.8594761904761905,74.45872226031744,59.57,16.2,0,18
3,4,7,16.2,8.8,57,64,0.336,0.639,0.6439048285714286,75.10262708888887,308.78,8.8,0,18
6,9,6,8.8,17.05,50,55,0.382,0.618,0.8592220888888888,0.0,39.11,17.05,0,18
1,7,5,17.05,14.68,49,61,0.643,0.65,0.8893336,0.8893336,137.63,14.68,0,18
5,8,5,14.68,17.58,44,50,0.354,0.611,0.9189002,1.8082338,44.37,17.58,0,18
5,4,7,17.58,3.58,18,22,0.276,0.703,0.4581905428571429,2.266424342857143,637.78,3.58,1,18
1,7,7,3.58,15.85,37,47,0.663,0.655,0.9049050285714286,3.1713293714285715,120.04,15.85,0,18
1,8,5,15.85,17.6,96,114,0.78,0.609,0.9866668000000001,4.157996171428572,84.29,17.6,0,18
1,4,7,17.6,1.73,4,5,0.395,0.546,0.41116660000000005,4.569162771428571,1631.8,1.73,0,18
2,9,6,1.73,9.07,76,88,0.473,0.61,0.9084444444444444,5.477607215873015,23.32,9.07,0,9
2,8,5,9.07,27.38,206,214,0.603,0.627,1.0,6.477607215873015,49.15,27.37,0,27
6,9,9,27.38,17.64,51,56,0.331,0.663,0.8088888888888889,7.286496104761905,31.28,17.64,0,18
6,9,7,17.64,16.45,53,58,0.34,0.619,0.8007460984126984,8.087242203174602,46.95,16.45,0,18
6,8,6,16.45,18.31,53,59,0.345,0.603,0.88725,8.974492203174602,33.48,18.31,0,18
1,7,9,18.31,15.27,31,40,0.658,0.601,0.8305553555555556,9.805047558730157,128.83,15.27,0,18
3,7,5,15.27,18.3,114,122,0.354,0.669,0.9687428571428571,10.773790415873014,33.45,18.3,0,18
2,7,4,18.3,18.45,112,125,0.5,0.624,1.0,11.773790415873014,45.62,18.45,0,18
2,6,5,18.45,17.44,71,82,0.531,0.613,0.9813334,12.755123815873015,75.3,17.44,0,18
5,5,6,17.44,2.6,31,36,0.389,0.612,0.4462664,13.201390215873015,771.29,2.6,0,18
4,6,4,2.6,16.23,31,37,0.479,0.616,0.9413332,14.142723415873016,70.21,16.24,0,18
1,9,7,16.23,18.47,180,213,0.837,0.685,0.9817142857142858,15.124437701587302,47.85,18.47,0,18
3,6,4,18.47,18.42,84,92,0.397,0.629,1.0,16.124437701587304,48.38,18.42,0,18
1,8,9,18.42,17.7,149,179,0.792,0.69,0.9416667333333333,17.06610443492064,69.42,17.71,0,18
1,5,8,17.7,6.27,5,7,0.485,0.603,0.5537498,17.619854234920638,323.16,6.27,0,18
2,7,8,6.27,18.23,93,103,0.493,0.661,0.9061071428571429,18.52596137777778,51.77,18.23,0,18
4,6,4,18.23,18.05,24,28,0.423,0.589,1.0,19.52596137777778,52.52,18.05,0,18
1,8,7,18.05,18.05,104,125,0.793,0.615,0.9739642857142857,20.499925663492064,57.09,18.04,0,18
5,8,7,18.05,10.42,39,42,0.518,0.64,0.6596905428571429,21.159616206349206,137.43,10.42,0,18
4,4,8,10.42,4.4,41,48,0.328,0.686,0.4821664,21.641782606349206,550.65,4.4,0,18
6,4,9,4.4,0.97,13,16,0.297,0.702,0.3368334,21.978616006349206,2213.17,0.97,0,18
1,6,4,0.97,9.91,6,8,0.581,0.552,0.7303336,22.708949606349208,205.18,9.91,0,18
6,9,4,9.91,17.2,41,46,0.35,0.609,0.9556113777777777,23.664560984126986,36.29,17.2,0,18
2,9,4,17.2,18.0,108,112,0.255,0.654,0.9836666666666667,24.648227650793654,19.14,18.0,0,18
1,9,5,18.0,18.2,265,303,0.836,0.607,1.0,25.648227650793654,38.02,18.2,0,18
4,6,7,18.2,13.89,34,39,0.424,0.625,0.7829049619047619,26.431132612698416,88.81,13.89,0,18
6,7,6,13.89,17.94,29,33,0.379,0.615,0.9112859142857144,27.34241852698413,44.18,17.94,0,18
5,8,7,17.94,17.92,56,63,0.354,0.662,0.8749764571428572,28.217394984126987,35.83,17.92,0,18
6,6,8,17.92,16.95,18,21,0.368,0.626,0.8441668666666666,29.06156185079365,70.85,16.95,0,18
4,8,5,16.95,18.2,91,98,0.386,0.627,0.9473,30.00886185079365,27.12,18.21,0,18
1,7,7,18.2,12.14,9,11,0.658,0.566,0.7543806857142858,30.763242536507935,165.34,12.14,0,18
5,7,9,12.14,17.02,43,47,0.358,0.693,0.8236193142857142,31.58686185079365,51.99,17.02,0,18
2,4,6,17.02,6.19,49,61,0.394,0.593,0.6010000666666666,32.18786191746032,306.57,6.19,0,18
3,6,7,6.19,18.3,66,75,0.389,0.651,0.9156666666666667,33.103528584126984,40.53,18.29,0,18
5,7,9,18.3,7.18,16,19,0.299,0.699,0.7194287047619048,33.82295728888889,72.97,7.18,0,9
6,5,5,7.18,6.8,12,15,0.407,0.554,0.6110668000000001,34.43402408888889,408.91,6.8,0,18
1,4,4,6.8,0.4,4,5,0.4,0.49,0.4133332,34.84735728888889,7316.1,0.4,0,18
1,8,4,0.4,17.9,22,27,0.78,0.567,0.9966664,35.84402368888889,73.2,17.9,0,18
2,5,7,17.9,10.07,58,74,0.499,0.632,0.7158378285714286,36.55986151746032,212.57,10.07,0,18
2,8,7,10.07,18.11,133,144,0.559,0.704,0.9408928571428572,37.500754374603176,23.37,18.11,0,18
5,9,5,18.11,18.55,70,75,0.361,0.64,0.9362222222222222,38.436976596825396,26.13,18.54,0,18
2,7,7,18.55,16.47,108,120,0.483,0.654,0.873857142857143,39.310833739682536,58.17,16.47,0,18
6,5,7,16.47,8.47,14,17,0.403,0.61,0.6178193142857142,39.92865305396825,267.72,8.47,0,18
3,4,8,8.47,7.07,55,62,0.321,0.713,0.5744168000000001,40.50306985396825,310.94,7.07,0,18
2,7,6,7.07,17.77,217,226,0.447,0.705,0.9550474857142858,41.45811733968254,33.45,17.77,0,18
4,4,8,17.77,10.74,24,30,0.318,0.713,0.6952501999999999,42.153367539682534,227.28,10.74,0,18
4,5,6,10.74,5.47,27,33,0.446,0.612,0.5647334,42.718100939682536,332.71,5.47,0,18
4,8,4,5.47,18.31,69,76,0.471,0.617,1.0,43.718100939682536,29.1,18.32,0,18
1,6,4,18.31,11.26,15,19,0.567,0.574,0.7753336,44.49343453968254,181.53,11.26,0,18
4,7,5,11.26,18.12,53,61,0.422,0.622,0.9693714285714286,45.46280596825397,46.49,18.12,0,18
3,7,9,18.12,18.6,108,117,0.337,0.717,0.8556190476190476,46.31842501587302,30.03,18.59,0,18
4,9,8,18.6,27.1,122,128,0.44,0.723,0.8785277777777778,47.196952793650794,28.41,27.1,0,27
4,5,5,27.1,18.2,21,25,0.426,0.574,1.0,48.196952793650794,82.12,18.2,0,18
4,7,5,18.2,18.4,48,54,0.469,0.6,0.974,49.17095279365079,34.46,18.41,0,18
5,4,6,18.4,0.95,36,40,0.324,0.667,0.4160001333333334,49.586952926984125,1831.26,0.95,0,18
2,6,5,0.95,16.88,64,78,0.499,0.622,0.9626668,50.549619726984126,94.72,16.88,0,18
2,6,6,16.88,15.91,59,69,0.515,0.634,0.9133334,51.462953126984125,87.32,15.91,0,18
1,8,6,15.91,17.6,109,135,0.79,0.702,0.9863332,52.44928632698412,76.12,17.59,0,18
5,6,8,17.6,16.98,20,25,0.371,0.661,0.8549164666666667,53.30420279365079,61.08,16.98,0,18
3,9,9,16.98,18.0,65,71,0.535,0.695,0.8733333333333333,54.17753612698412,22.75,18.0,0,18
1,9,4,18.0,18.27,126,147,0.815,0.608,1.0,55.17753612698412,42.89,18.26,0,18
6,8,8,18.27,17.4,41,46,0.337,0.633,0.8225001999999999,56.00003632698412,37.32,17.4,0,18
5,9,6,17.4,18.4,67,72,0.35,0.625,0.8861111111111111,56.886147438095236,28.9,18.4,0,18
2,7,6,18.4,18.33,103,111,0.536,0.642,0.9671428571428572,57.8532902952381,41.09,18.33,0,18
1,5,9,18.33,5.86,8,10,0.485,0.576,0.5173336,58.3706238952381,382.82,5.86,0,18
3,4,5,5.86,10.83,48,54,0.336,0.689,0.7610002,59.131624095238095,217.26,10.83,0,18
5,5,9,10.83,8.83,20,24,0.311,0.678,0.5694002666666667,59.701024361904764,207.06,8.83,0,18
6,6,7,8.83,26.69,14,17,0.401,0.622,0.9042697523809524,60.60529411428572,69.18,26.68,0,27
2,6,7,26.69,18.12,116,124,0.429,0.657,0.9307142857142857,61.53600840000001,47.99,18.13,0,18
1,9,4,18.12,18.48,233,267,0.856,0.655,1.0,62.53600840000001,42.43,18.49,0,18
6,4,8,18.48,1.0,10,13,0.298,0.649,0.34458360000000005,62.88059200000001,1746.26,1.0,0,18
2,8,7,1.0,18.38,166,172,0.566,0.674,0.9340714285714286,63.814663428571436,28.62,18.38,0,18
4,4,7,18.38,1.51,13,16,0.304,0.666,0.4429525142857143,64.25761594285714,803.84,1.51,0,9
4,5,5,1.51,9.13,14,18,0.406,0.592,0.9992,65.25681594285714,64.05,9.13,0,9
6,5,6,9.13,4.9,8,11,0.219,0.612,0.6182664,65.87508234285714,174.01,4.9,0,9
6,8,8,4.9,16.28,50,55,0.315,0.62,0.7764164,66.65149874285714,48.01,16.28,0,18
2,7,5,16.28,18.23,125,143,0.574,0.648,1.0,67.65149874285714,38.42,18.23,0,18
6,8,6,18.23,17.14,45,49,0.345,0.602,0.8582498666666667,68.50974860952381,40.16,17.14,0,18
1,5,6,17.14,6.29,6,8,0.479,0.56,0.5879330666666667,69.09768167619048,323.24,6.29,0,18
3,6,7,6.29,18.52,84,91,0.379,0.647,0.9111904761904762,70.00887215238095,46.15,18.51,0,18
6,9,4,18.52,27.45,82,85,0.367,0.608,0.9855555555555555,70.9944277079365,23.25,27.45,0,27
1,5,4,27.45,4.33,7,9,0.5,0.56,0.5443336,71.5387613079365,456.92,4.33,0,18
6,9,6,4.33,27.8,79,84,0.428,0.629,0.9047777777777778,72.44353908571428,23.47,27.8,0,27
1,5,9,27.8,6.41,6,8,0.48,0.653,0.5507777111111112,72.99431679682539,312.72,6.41,0,18
2,4,6,6.41,7.48,52,63,0.35,0.644,0.6390002666666666,73.63331706349206,274.27,7.48,0,18
3,4,6,7.48,1.0,150,163,0.337,0.662,0.42250026666666674,74.05581733015872,1971.34,1.0,0,18
3,7,5,1.0,18.38,87,96,0.356,0.625,0.9517142857142857,75.007531615873,27.28,18.38,0,18
1,6,5,18.38,9.61,12,16,0.574,0.535,0.7203333999999999,75.72786501587301,209.44,9.61,0,18
2,5,9,9.61,14.1,76,93,0.482,0.741,0.8274664666666667,76.55533148253967,134.85,14.1,0,18
2,8,4,14.1,18.38,101,112,0.643,0.592,1.0,77.55533148253967,30.41,18.37,0,18
2,4,4,18.38,13.77,51,62,0.332,0.612,0.859,78.41433148253967,145.01,13.77,0,18
2,8,8,13.77,18.72,165,177,0.59,0.666,0.9139999999999999,79.32833148253967,37.56,18.72,0,18
3,9,7,18.72,27.78,228,239,0.394,0.715,0.8918412698412699,80.22017275238093,22.91,27.78,0,27
2,5,8,27.78,11.88,53,60,0.37,0.692,0.7170000000000001,0.0,173.46,11.88,0,18
2,5,4,11.88,11.53,56,64,0.5,0.511,0.7843336000000001,0.7843336000000001,190.11,11.53,0,18
3,8,5,11.53,18.47,124,133,0.365,0.641,0.94765,1.7319836,23.88,18.47,0,18
1,6,6,18.47,11.73,14,19,0.6,0.588,0.6566664,2.38865,259.52,11.73,0,27
3,6,6,11.73,9.25,80,91,0.476,0.58,0.6603334000000001,3.0489834,192.79,9.25,0,18
6,5,8,9.25,9.48,19,22,0.413,0.724,0.6622002,3.7111836,204.42,9.48,0,18
6,5,9,9.48,22.77,19,23,0.362,0.663,0.7981331333333332,4.509316733333334,107.89,22.77,0,27
1,9,6,22.77,18.12,143,169,0.855,0.65,1.0,5.509316733333334,67.69,18.13,0,18
4,4,9,18.12,2.52,18,23,0.32,0.701,0.3997777777777778,5.909094511111111,762.93,2.52,0,18
4,6,7,2.52,17.42,28,33,0.414,0.625,0.8972382285714287,6.80633273968254,61.61,17.42,0,18
2,5,4,17.42,11.85,69,80,0.493,0.662,0.7949998,7.601332539682541,187.88,11.85,0,18
4,8,4,11.85,18.23,30,36,0.582,0.593,1.0,8.601332539682542,35.94,18.24,0,18
2,7,6,18.23,18.2,109,119,0.519,0.615,0.9532857142857143,9.554618253968256,38.96,18.2,0,18
3,8,7,18.2,18.3,57,61,0.545,0.622,0.9139642857142858,10.468582539682542,31.93,18.3,0,18
1,8,8,18.3,17.9,146,174,0.774,0.646,0.952,11.420582539682542,62.8,17.91,0,18
1,8,4,17.9,17.81,121,145,0.776,0.596,0.9936664,12.414248939682542,75.52,17.81,0,18
2,9,7,17.81,18.38,186,196,0.471,0.651,0.8906666666666667,13.304915606349208,24.37,18.38,0,18
1,8,7,18.38,17.95,137,163,0.777,0.652,0.9792025142857144,14.284118120634922,61.61,17.96,0,18
1,8,7,17.95,19.2,137,163,0.777,0.652,0.9805357142857143,15.264653834920637,26.24,19.2,0,18
4,6,6,19.2,14.96,21,24,0.485,0.594,0.8583332666666668,16.122987101587302,99.7,14.96,0,18
1,8,7,14.96,17.88,122,149,0.794,0.65,0.9798810857142859,17.10286818730159,62.78,17.87,0,18
6,8,5,17.88,16.88,38,42,0.342,0.596,0.8862331999999999,17.989101387301588,45.4,16.87,0,18
2,5,5,16.88,11.42,47,56,0.489,0.555,0.7806664000000001,18.76976778730159,203.93,11.42,0,18
3,5,8,11.42,24.23,89,98,0.328,0.746,0.8563668,19.62613458730159,101.44,24.24,0,27
1,8,6,24.23,18.08,117,140,0.775,0.6,0.99375,20.619884587301588,59.38,18.08,0,18
6,7,7,18.08,17.2,32,37,0.385,0.637,0.8653336,21.485218187301587,44.43,17.2,0,18
5,6,8,17.2,15.26,26,31,0.398,0.641,0.8015834666666667,22.286801653968254,83.29,15.26,0,18
1,7,5,15.26,20.23,102,124,0.65,0.592,0.849778,23.136579653968255,148.89,20.24,0,27
2,9,9,20.23,27.39,283,312,0.615,0.663,0.8839999999999999,24.020579653968255,35.44,27.39,0,27
1,4,6,27.39,2.52,27,35,0.4,0.638,0.48400000000000004,24.504579653968257,833.72,2.52,0,18
4,6,9,2.52,18.16,55,60,0.359,0.727,0.8812222222222221,25.385801876190477,41.12,18.15,0,18
2,7,5,18.16,18.08,113,129,0.547,0.598,0.9954857142857143,26.38128759047619,42.74,18.08,0,18
4,8,8,18.08,17.88,77,85,0.405,0.683,0.8679998,27.24928739047619,36.31,17.88,0,18
4,9,7,17.88,17.23,88,95,0.395,0.671,0.8541588634920636,28.103446253968254,31.96,17.24,0,18
3,5,9,17.23,17.84,69,78,0.224,0.775,0.8568224222222223,28.960268676190477,78.86,17.85,0,18
3,5,5,17.84,16.38,60,66,0.37,0.637,0.9460000000000001,29.90626867619048,88.88,16.38,0,18
4,5,8,16.38,7.24,17,21,0.424,0.645,0.5721832,30.47845187619048,331.38,7.24,0,18
1,4,4,7.24,2.96,30,39,0.389,0.626,0.4986664,30.97711827619048,905.18,2.96,0,18
6,4,6,2.96,0.84,9,11,0.337,0.64,0.40983353333333333,31.386951809523815,2264.13,0.84,0,18
3,9,8,0.84,18.42,124,130,0.492,0.676,0.8783333333333333,32.265285142857145,20.44,18.42,0,18
6,6,4,18.42,6.73,8,10,0.36,0.571,0.8486668,33.11395194285714,112.58,6.73,0,9
4,4,4,6.73,5.62,31,36,0.312,0.626,0.5873332,33.701285142857145,384.99,5.62,0,18
6,6,4,5.62,17.84,10,13,0.42,0.573,0.9946666,34.69595174285715,57.8,17.84,0,18
1,5,5,17.84,5.24,5,7,0.483,0.602,0.5746666,35.27061834285715,408.79,5.24,0,18
1,4,4,5.24,2.06,13,17,0.4,0.595,0.46866640000000004,35.73928474285715,1222.66,2.06,0,18
5,5,8,2.06,11.2,24,27,0.322,0.664,0.6681332,36.40741794285715,169.04,11.2,0,18
6,7,9,11.2,17.34,82,86,0.325,0.695,0.8256349873015874,37.23305293015874,42.98,17.35,0,18
1,9,4,17.34,18.27,356,389,0.735,0.697,1.0,38.23305293015874,34.33,18.26,0,18
3,9,7,18.27,9.0,38,42,0.516,0.612,0.8895238095238096,39.12257673968255,27.02,9.0,0,9
4,5,4,9.0,9.22,41,47,0.413,0.624,1.0,40.12257673968255,42.11,9.22,0,9
2,9,8,9.22,18.27,79,80,0.647,0.674,0.9122777777777777,41.03485451746033,24.18,18.26,0,18
6,9,4,18.27,17.6,54,59,0.336,0.603,0.9628334666666667,41.997687984127,31.14,17.6,0,18
4,8,8,17.6,17.95,73,78,0.386,0.674,0.8633332,42.861021184127,32.39,17.95,0,18
5,5,4,17.95,2.4,25,28,0.398,0.57,0.47999980000000003,43.341020984127,1186.14,2.4,0,18
4,5,5,2.4,9.48,37,41,0.449,0.668,0.7160002000000001,44.057021184127,258.96,9.48,0,18
5,5,5,9.48,13.32,55,58,0.21,0.692,0.8048,44.861821184127,96.52,13.32,0,18
4,4,9,13.32,3.74,13,16,0.308,0.728,0.4404445777777778,45.30226576190478,749.0,3.74,0,18
4,6,9,3.74,16.36,27,32,0.43,0.696,0.8433333999999999,46.14559916190478,69.03,16.36,0,18
6,7,8,16.36,26.38,35,39,0.417,0.645,0.8666150571428572,47.012214219047635,44.8,26.38,0,27
1,5,5,26.38,4.82,7,9,0.49,0.553,0.5606668,47.572881019047635,435.32,4.82,0,18
1,4,4,4.82,0.2,4,5,0.393,0.497,0.40666660000000004,47.979547619047636,6641.59,0.2,0,18
2,5,4,0.2,15.26,62,75,0.396,0.655,0.9086668,48.888214419047635,118.12,15.26,0,18
2,4,6,15.26,10.03,55,66,0.33,0.639,0.6008886,49.48910301904763,368.14,10.03,0,27
6,8,7,10.03,16.11,39,43,0.345,0.622,0.8009642857142858,50.29006730476192,51.08,16.11,0,18
4,8,7,16.11,18.12,81,83,0.317,0.67,0.8706785714285714,51.16074587619049,21.55,18.13,0,18
5,6,8,18.12,16.05,28,32,0.351,0.668,0.8186666,51.97941247619049,65.94,16.04,0,18
5,8,9,16.05,18.72,65,71,0.387,0.681,0.8480833333333333,52.827495809523825,29.79,18.72,0,18
3,7,6,18.72,18.44,85,92,0.42,0.658,0.9393333333333334,53.766829142857155,38.01,18.44,0,18
1,7,8,18.44,15.97,34,43,0.661,0.628,0.8781903428571428,54.6450194857143,121.49,15.97,0,18
3,7,5,15.97,18.4,104,108,0.387,0.657,0.9733714285714286,55.618390914285726,28.88,18.41,0,18
3,5,8,18.4,11.87,63,69,0.219,0.716,0.6622664,56.280657314285726,188.07,11.87,0,18
6,6,7,11.87,16.92,37,41,0.283,0.635,0.8397619047619047,57.12041921904763,54.48,16.92,0,18
1,4,9,16.92,3.11,14,18,0.399,0.754,0.4707223555555556,57.59114157460319,847.3,3.11,0,18
4,9,6,3.11,17.11,48,53,0.568,0.615,0.9015558222222222,58.49269739682541,45.15,17.11,0,18
2,5,6,17.11,16.12,43,49,0.475,0.606,0.9296666,59.42236399682541,118.9,16.13,0,18
1,8,6,16.12,17.78,72,87,0.8,0.661,0.9926668000000001,60.41503079682541,77.89,17.78,0,18
1,6,9,17.78,11.19,11,15,0.582,0.585,0.6970002,61.11203099682541,181.71,11.19,0,18
3,6,8,11.19,18.52,67,73,0.415,0.707,0.9150833333333332,62.027114330158746,49.17,18.51,0,18
2,5,6,18.52,11.4,50,58,0.455,0.608,0.7646664666666667,62.791780796825414,174.52,11.4,0,18
3,6,7,11.4,18.0,65,74,0.391,0.68,0.9246190476190477,63.71639984444446,46.83,18.0,0,18
1,9,7,18.0,18.45,220,254,0.885,0.648,0.9818095238095238,64.69820936825398,45.45,18.45,0,18
6,7,6,18.45,26.84,38,43,0.42,0.63,0.9264444000000001,65.62465376825398,48.31,26.84,0,27
3,4,8,26.84,12.03,45,50,0.323,0.782,0.7579998,66.38265356825397,189.93,12.03,0,18
6,4,9,12.03,0.71,15,18,0.343,0.7,0.3507219555555555,66.73337552380953,3100.23,0.71,0,18
3,7,4,0.71,18.48,71,75,0.452,0.626,1.0,67.73337552380953,35.5,18.49,0,18
1,4,5,18.48,1.8,4,5,0.399,0.488,0.43470020000000004,68.16807572380952,2433.41,1.8,0,27
3,6,7,1.8,18.44,41,45,0.412,0.599,0.9084761904761904,69.07655191428572,51.77,18.43,0,18
5,4,7,18.44,1.89,28,32,0.294,0.652,0.3962857142857143,69.47283762857143,1235.04,1.89,0,18
4,6,9,1.89,18.23,34,38,0.43,0.679,0.8942222222222223,70.36705985079365,47.14,18.23,0,18
2,4,5,18.23,7.32,59,71,0.324,0.615,0.6440002,71.01106005079365,401.96,7.32,0,18
4,4,9,7.32,0.87,36,41,0.351,0.697,0.35938868888888886,71.37044873968253,3085.06,0.87,0,18
2,7,5,0.87,18.22,121,138,0.589,0.654,1.0,72.37044873968253,38.94,18.22,0,18
2,4,4,18.22,11.52,49,59,0.364,0.593,0.784,73.15444873968254,177.28,11.52,0,18
3,6,4,11.52,25.84,98,104,0.404,0.62,0.9744442,74.12889293968253,72.68,25.85,0,27
1,7,5,25.84,15.97,52,66,0.666,0.573,0.9323332,75.06122613968253,121.5,15.97,0,18
6,4,5,15.97,6.68,11,14,0.306,0.618,0.6226666000000001,75.68389273968253,352.35,6.68,0,18
4,7,6,6.68,17.55,78,84,0.434,0.651,0.9259999999999999,76.60989273968254,36.94,17.55,0,18
2,7,7,17.55,27.19,148,168,0.624,0.697,0.9774285714285714,77.58732131111111,76.63,27.18,0,27
3,8,7,27.19,18.72,64,71,0.277,0.63,0.8492500000000001,78.43657131111111,29.32,18.72,0,18
2,4,9,18.72,6.7,56,70,0.368,0.721,0.5675554222222222,79.00412673333334,352.39,6.7,0,18
1,4,6,6.7,2.95,19,24,0.399,0.629,0.49833340000000004,0.0,701.49,2.95,0,18
2,6,6,2.95,17.12,139,160,0.436,0.665,0.9380002,0.9380002,77.31,17.13,0,18
3,7,7,17.12,18.4,104,111,0.348,0.71,0.9022857142857142,1.8402859142857142,32.13,18.41,0,18
2,5,5,18.4,12.33,74,90,0.493,0.567,0.811,2.6512859142857144,163.57,12.33,0,18
6,4,9,12.33,0.63,9,11,0.313,0.728,0.33927777777777784,2.990563692063492,3315.17,0.63,0,18
3,8,5,0.63,18.06,58,62,0.537,0.592,0.97105,3.961613692063492,30.48,18.07,0,18
2,9,6,18.06,18.06,149,161,0.519,0.641,0.929,4.890613692063492,19.82,18.07,0,18
6,7,6,18.06,17.36,30,34,0.409,0.626,0.9041902095238095,5.794803901587302,45.91,17.36,0,18
5,8,6,17.36,17.16,56,60,0.389,0.642,0.8829168000000001,6.677720701587302,43.43,17.15,0,18
6,7,8,17.16,17.33,30,33,0.386,0.632,0.8459525142857143,7.523673215873016,52.3,17.33,0,18
4,6,9,17.33,18.16,32,37,0.396,0.667,0.8802222222222222,8.403895438095239,57.77,18.16,0,18
4,4,6,18.16,4.48,39,45,0.355,0.634,0.48838893333333333,8.892284371428572,704.62,4.48,0,27
5,7,4,4.48,26.6,54,60,0.415,0.606,0.991111,9.883395371428572,52.13,26.6,0,27
1,4,4,26.6,1.52,16,22,0.399,0.638,0.4506664,10.334061771428571,1314.22,1.52,0,18
2,9,8,1.52,18.23,120,139,0.688,0.673,0.921138888888889,11.25520066031746,25.57,18.24,0,18
1,5,5,18.23,6.67,13,16,0.488,0.498,0.5426222,11.79782286031746,473.51,6.67,0,27
4,9,8,6.67,18.33,82,88,0.413,0.656,0.8557777777777777,12.653600638095238,24.73,18.33,0,18
6,7,5,18.33,16.61,26,31,0.381,0.602,0.9033239428571429,13.55692458095238,51.68,16.61,0,18
2,4,6,16.61,6.21,54,66,0.361,0.571,0.5778333333333333,14.134757914285712,392.63,6.21,0,18
6,6,9,6.21,23.38,21,25,0.418,0.674,0.808444711111111,14.943202625396824,87.46,23.37,0,27
1,9,8,23.38,18.3,146,169,0.834,0.703,0.9610833333333333,15.904285958730156,53.32,18.3,0,18
2,4,8,18.3,12.48,61,72,0.359,0.749,0.7827497999999999,16.687035758730158,161.46,12.48,0,18
1,5,4,12.48,6.22,9,11,0.499,0.544,0.538222,17.22525775873016,497.81,6.22,0,27
5,5,4,6.22,0.54,60,69,0.461,0.563,0.41800000000000004,17.643257758730158,3620.08,0.54,0,18
1,4,7,0.54,1.87,5,6,0.388,0.464,0.3889048285714286,18.03216258730159,1521.43,1.87,0,18
1,9,7,1.87,18.1,26,32,0.828,0.626,0.9628571428571429,18.99501973015873,73.25,18.1,0,18
6,8,9,18.1,27.34,45,49,0.389,0.672,0.8465833333333334,19.841603063492066,33.66,27.34,0,27
6,8,8,27.34,27.06,63,68,0.389,0.649,0.8594999999999999,20.701103063492067,30.55,27.07,0,27
5,8,9,27.06,18.28,66,72,0.384,0.712,0.8542222222222222,21.55532528571429,32.32,18.28,0,18
6,5,7,18.28,2.0,11,13,0.399,0.609,0.40026660000000003,21.955591885714288,1188.76,2.0,0,18
1,6,7,2.0,10.81,13,17,0.575,0.609,0.7260002666666666,22.681592152380954,189.27,10.81,0,18
6,7,6,10.81,14.59,18,22,0.341,0.588,0.7797621714285714,23.461354323809527,77.86,14.59,0,18
4,8,9,14.59,17.78,88,94,0.404,0.676,0.8438890222222223,24.305243346031748,29.5,17.78,0,18
5,6,6,17.78,14.41,19,23,0.376,0.613,0.8100002666666668,25.115243612698414,88.43,14.41,0,18
6,8,7,14.41,16.89,47,52,0.313,0.635,0.8226783714285715,25.937921984126987,44.89,16.89,0,18
2,7,8,16.89,18.34,168,185,0.532,0.666,0.9185000000000001,26.85642198412699,29.07,18.35,0,18
1,5,5,18.34,6.12,6,7,0.488,0.539,0.6040000000000001,27.460421984126988,365.25,6.12,0,18
6,8,5,6.12,17.06,37,41,0.329,0.595,0.8889168000000001,28.34933878412699,43.52,17.06,0,18
6,8,9,17.06,18.42,51,56,0.347,0.675,0.83675,29.186088784126987,27.91,18.42,0,18
4,8,7,18.42,18.28,83,88,0.396,0.625,0.8775714285714286,30.063660212698416,25.77,18.28,0,18
6,5,4,18.28,3.47,18,21,0.443,0.572,0.4771114,30.540771612698414,720.44,3.47,0,27
3,8,9,3.47,18.34,139,149,0.338,0.738,0.8485,31.389271612698415,27.5,18.35,0,18
5,7,4,18.34,27.38,71,77,0.437,0.62,1.0,32.389271612698415,40.82,27.37,0,27
3,4,8,27.38,7.0,33,38,0.334,0.7,0.5753334,32.964605012698414,292.39,7.0,0,18
1,6,5,7.0,14.41,115,140,0.6,0.618,0.8803336,33.844938612698414,123.14,14.41,0,18
4,6,9,14.41,15.46,21,24,0.426,0.69,0.8106667333333333,34.65560534603175,94.69,15.46,0,18
6,9,9,15.46,18.31,51,55,0.331,0.701,0.8293333333333334,35.48493867936508,26.55,18.31,0,18
5,7,5,18.31,18.62,43,49,0.398,0.625,0.9637142857142857,36.44865296507937,36.88,18.62,0,18
2,4,7,18.62,6.72,51,61,0.362,0.613,0.5801426571428572,37.028795622222226,364.81,6.72,0,18
4,8,4,6.72,18.38,79,85,0.407,0.642,1.0,38.028795622222226,27.04,18.38,0,18
2,8,6,18.38,18.06,155,166,0.566,0.656,0.9601666666666666,38.98896228888889,27.08,18.07,0,18
4,7,5,18.06,17.94,57,65,0.424,0.645,0.9768094571428572,39.96577174603175,46.22,17.93,0,18
4,8,4,17.94,18.45,91,99,0.381,0.605,0.99775,40.96352174603175,29.49,18.45,0,18
2,5,7,18.45,10.27,55,65,0.48,0.581,0.7003336,41.66385534603175,196.72,10.27,0,18
2,8,5,10.27,18.56,150,157,0.57,0.62,0.9904999999999999,42.65435534603175,24.28,18.56,0,18
5,4,6,18.56,0.76,41,47,0.328,0.613,0.3936665333333334,43.04802187936508,4056.53,0.76,0,18
1,5,8,0.76,5.93,4,6,0.487,0.55,0.5299664000000001,43.57798827936508,348.06,5.93,0,18
2,7,8,5.93,18.4,97,108,0.578,0.703,0.9408928571428572,44.518881136507936,41.99,18.4,0,18
5,5,8,18.4,2.07,17,20,0.412,0.619,0.38855,44.90743113650794,953.28,2.07,0,18
4,6,6,2.07,9.0,17,21,0.427,0.611,0.946,45.853431136507936,44.3,9.0,0,9
5,9,7,9.0,18.58,64,68,0.334,0.647,0.8590793650793651,46.7125105015873,26.86,18.58,0,18
4,4,8,18.58,1.89,29,34,0.336,0.68,0.401,47.11351050158731,1184.97,1.89,0,18
6,6,5,1.89,15.94,20,24,0.389,0.591,0.8974002666666667,48.01091076825397,84.97,15.94,0,18
6,5,6,15.94,14.46,32,37,0.412,0.65,0.8634664666666667,48.87437723492064,110.4,14.46,0,18
1,9,5,14.46,18.23,325,363,0.75,0.627,1.0,49.87437723492064,31.57,18.23,0,18
2,7,5,18.23,17.31,136,146,0.523,0.617,0.9732287714285714,50.84760600634921,43.66,17.31,0,18
3,8,8,17.31,18.06,62,69,0.533,0.63,0.8907499999999999,51.73835600634921,32.59,18.07,0,18
4,9,8,18.06,17.38,96,101,0.35,0.657,0.8210277777777777,52.559383784126986,32.63,17.37,0,18
4,5,4,17.38,7.93,43,48,0.459,0.691,0.6643336,53.223717384126985,239.1,7.93,0,18
4,6,7,7.93,16.88,82,89,0.324,0.644,0.8543331999999999,54.078050584126984,51.78,16.87,0,18
5,9,4,16.88,18.28,64,68,0.37,0.622,0.9932222222222222,55.07127280634921,26.73,18.28,0,18
1,6,6,18.28,11.22,13,17,0.56,0.629,0.7703331333333334,55.84160593968254,179.4,11.22,0,18
2,7,8,11.22,17.36,118,134,0.466,0.652,0.8748092571428572,56.716415196825395,61.02,17.36,0,18
1,8,4,17.36,17.53,123,147,0.776,0.582,0.9843334,57.70074859682539,71.31,17.53,0,18
6,9,7,17.53,27.12,73,79,0.416,0.634,0.8735873015873016,58.57433589841269,28.91,27.12,0,27
2,6,4,27.12,17.4,62,72,0.507,0.613,0.9800002,59.55433609841269,74.48,17.4,0,18
6,7,6,17.4,26.75,33,37,0.387,0.631,0.9153493619047619,60.46968546031745,47.61,26.75,0,27
3,5,6,26.75,17.89,61,67,0.273,0.689,0.9352000666666667,61.40488552698412,62.87,17.89,0,18
4,5,6,17.89,10.37,104,111,0.297,0.679,0.6907999333333333,62.09568546031745,154.94,10.37,0,18
4,6,9,10.37,16.11,38,44,0.403,0.651,0.8160000000000001,62.91168546031745,79.32,16.11,0,18
3,9,9,16.11,18.16,69,72,0.521,0.694,0.87,63.78168546031745,27.63,18.15,0,18
1,5,4,18.16,6.29,8,10,0.49,0.542,0.6096664,64.39135186031744,319.47,6.29,0,18
3,8,7,6.29,18.3,143,150,0.374,0.684,0.8889285714285715,65.28028043174601,22.84,18.29,0,18
2,7,4,18.3,18.1,105,115,0.542,0.622,1.0,66.28028043174601,33.0,18.09,0,18
1,9,4,18.1,18.36,180,206,0.825,0.574,1.0,67.28028043174601,33.61,18.36,0,18
2,4,5,18.36,8.51,52,56,0.337,0.604,0.6836668,67.963947231746,244.5,8.51,0,18
2,9,7,8.51,18.16,177,187,0.507,0.683,0.9078095238095238,68.87175675555552,19.87,18.16,0,18
2,9,6,18.16,18.05,193,193,0.533,0.687,0.9474444444444445,69.81920119999997,29.06,18.05,0,18
5,5,6,18.05,4.87,27,31,0.407,0.638,0.4836886666666667,70.30288986666663,845.63,4.87,0,27
4,6,5,4.87,21.45,44,50,0.493,0.627,0.8766664,71.17955626666664,135.35,21.45,0,27
5,6,8,21.45,15.55,71,77,0.388,0.706,0.8241667333333333,72.00372299999997,63.8,15.55,1,18
6,4,8,15.55,8.04,14,17,0.325,0.716,0.6095002,72.61322319999996,262.01,8.04,0,18
4,9,7,8.04,18.34,48,53,0.523,0.609,0.8902222222222222,73.50344542222219,29.63,18.34,0,18
6,9,4,18.34,17.81,55,59,0.336,0.589,0.9628330666666666,74.46627848888885,31.37,17.81,0,18
5,6,8,17.81,10.64,31,35,0.389,0.639,0.6440832666666667,75.11036175555552,150.57,10.64,0,18
1,7,5,10.64,18.7,18,23,0.652,0.627,0.8157778,75.92613955555552,162.3,18.71,0,27
1,7,8,18.7,15.49,72,87,0.689,0.66,0.8781907428571428,76.80433029841267,114.32,15.49,0,18
5,5,4,15.49,9.8,14,17,0.393,0.587,0.7266664,77.53099669841266,198.89,9.8,0,18
1,7,8,9.8,15.48,32,42,0.652,0.655,0.8660357142857144,78.39703241269838,118.64,15.48,0,18
4,4,4,15.48,2.64,29,34,0.301,0.618,0.4880002,78.88503261269838,741.46,2.64,0,18
6,4,9,2.64,1.1,11,14,0.295,0.686,0.33661104444444445,0.0,1729.09,1.1,0,18
4,6,4,1.1,14.56,25,30,0.419,0.623,0.8853333999999999,0.8853333999999999,120.14,14.56,0,18
6,8,9,14.56,27.77,88,92,0.429,0.664,0.8548055555555556,1.7401389555555555,23.68,27.77,0,27
1,5,6,27.77,7.67,7,9,0.487,0.555,0.5502444,2.2903833555555555,385.95,7.67,0,27
4,4,7,7.67,7.36,34,39,0.34,0.74,0.5449843714285714,2.835367726984127,516.74,7.36,0,27
6,7,5,7.36,26.56,89,94,0.336,0.633,0.9394224,3.7747901269841266,37.43,26.56,0,27
5,4,6,26.56,1.04,31,35,0.297,0.629,0.3928334666666667,4.167623593650793,1862.69,1.04,0,18
2,6,4,1.04,17.52,68,74,0.493,0.618,0.9836668000000001,5.151290393650793,68.27,17.51,0,18
2,7,8,17.52,18.25,138,151,0.551,0.716,0.9364285714285714,6.087718965079365,40.02,18.25,0,18
2,7,8,18.25,18.27,220,226,0.551,0.762,0.9479285714285715,7.035647536507936,22.21,18.26,0,18
1,7,6,18.27,12.47,6,8,0.646,0.605,0.8019048952380953,7.8375524317460314,161.07,12.47,0,18
5,7,8,12.47,12.45,29,33,0.325,0.635,0.6666073428571428,8.504159774603174,103.29,12.45,0,18
1,7,5,12.45,15.82,26,35,0.654,0.562,0.9273334,9.431493174603174,120.85,15.82,0,18
1,9,6,15.82,18.38,98,117,0.839,0.632,0.9971111111111111,10.428604285714286,55.59,18.38,0,18
3,9,5,18.38,18.67,144,148,0.333,0.651,0.9344,11.363004285714286,22.61,18.67,0,18
5,4,8,18.67,1.41,28,33,0.297,0.718,0.3749998,11.738004085714286,1310.56,1.41,0,18
1,7,5,1.41,14.65,47,59,0.662,0.619,0.8883334,12.626337485714286,136.12,14.65,0,18
2,8,4,14.65,18.38,154,168,0.488,0.646,1.0,13.626337485714286,27.15,18.37,0,18
3,5,9,18.38,21.88,86,94,0.424,0.645,0.7989333333333333,14.425270819047618,137.48,21.87,0,27
4,7,8,21.88,18.31,55,62,0.46,0.658,0.8959285714285714,15.32119939047619,35.54,18.32,0,18
1,9,9,18.31,18.23,163,188,0.8,0.671,0.9268888888888889,16.248088279365078,46.52,18.24,0,18
6,9,6,18.23,18.3,55,60,0.365,0.629,0.8907777777777777,17.138866057142856,29.19,18.3,0,18
4,7,9,18.3,9.16,39,44,0.317,0.652,0.8354603174603175,17.974326374603173,30.01,9.16,0,9
3,6,8,9.16,18.3,80,87,0.392,0.697,0.9049166666666666,18.879243041269838,33.44,18.3,0,18
4,4,8,18.3,4.58,30,35,0.32,0.671,0.48041639999999997,19.359659441269837,483.63,4.58,0,18
3,9,5,4.58,27.3,230,240,0.414,0.642,0.9488,20.308459441269836,23.09,27.3,0,27
2,8,6,27.3,18.22,155,159,0.476,0.637,0.9313333333333333,21.23979277460317,25.33,18.22,0,18
2,8,9,18.22,18.52,171,186,0.598,0.703,0.9057222222222222,22.145514996825394,25.88,18.51,0,18
4,5,7,18.52,9.9,29,33,0.448,0.709,0.7117714285714286,22.857286425396822,225.72,9.9,0,18
1,6,8,9.9,13.6,79,96,0.591,0.683,0.8210836,23.678370025396823,141.91,13.6,0,18
2,7,8,13.6,18.33,173,189,0.505,0.657,0.9085357142857143,24.58690573968254,27.4,18.33,0,18
6,4,5,18.33,1.76,17,20,0.313,0.611,0.43911100000000003,25.02601673968254,1836.78,1.76,0,27
5,6,4,1.76,22.38,31,35,0.416,0.611,0.8973334,25.92335013968254,108.06,22.38,0,27
6,5,7,22.38,3.67,14,16,0.419,0.614,0.42458417142857147,26.34793431111111,900.95,3.67,0,27
5,5,4,3.67,13.48,25,30,0.228,0.654,0.8493334,27.19726771111111,116.25,13.48,0,18
