action,replica,cpu,heap,inc_tps,out_tps,cpu_usage,memory_usage,cost,reward,sum_reward,response_time,num_request,num_failures,expected_tps
DO_NOTHING,8,2,9,6,8,0.125,0.957,0.06405,0.30527666666666664,0.30527666666666664,80.11,12.27,0,50
DECREASE_REPLICA,7,2,9,21,27,0.071,0.961,0.04421,0.5259988888888889,0.8312755555555555,34.09,25.27,0,50
DECREASE_CPU,7,1,9,20,25,0.065,1.151,0.04852,0.16844444444444442,0.9997199999999999,250.57,4.0,0,50
INCREASE_CPU,7,2,9,41,50,0.113,0.975,0.05392,0.3207366666666666,1.3204566666666666,71.35,13.24,0,50
INCREASE_HEAP,7,2,9,,,,,,-1,0.3204566666666666,,,,
INCREASE_REPLICA,8,2,9,39,47,0.09,0.987,0.05622,0.3039533333333333,0.6244099999999999,72.71,12.59,0,50
INCREASE_CPU,8,3,9,26,32,0.228,0.731,0.08244,0.637871111111111,1.262281111111111,25.7,31.07,0,50
DECREASE_HEAP,8,3,8,26,32,0.231,0.728,0.08309,0.57234,1.8346211111111108,30.89,27.13,0,50
INCREASE_CPU,8,4,8,37,46,0.306,0.617,0.0983,0.7271525,2.5617736111111107,21.73,36.13,0,50
INCREASE_CPU,8,5,8,41,50,0.247,0.605,0.08297,0.8581125,3.4198861111111105,15.11,44.2,0,50
DECREASE_CPU,8,4,8,35,44,0.275,0.626,0.09076,0.7317600000000001,4.151646111111111,20.24,36.57,0,50
DECREASE_CPU,8,3,8,31,38,0.22,0.732,0.08045,0.5813766666666667,4.733022777777777,29.77,27.72,0,50
INCREASE_CPU,8,4,8,41,50,0.304,0.646,0.09877,0.763995,5.497017777777778,19.37,38.09,0,50
DECREASE_HEAP,8,4,7,39,49,0.313,0.629,0.10047,0.7176535714285713,6.214671349206349,21.09,35.2,0,50
DO_NOTHING,8,4,7,39,49,0.313,0.629,0.10047,0.7693135714285714,6.983984920634921,18.96,38.07,0,50
DO_NOTHING,8,4,7,39,49,0.205,0.629,0.07316,0.8085535714285714,7.792538492063493,17.7,41.0,0,50
DECREASE_CPU,8,3,7,32,40,0.222,0.681,0.07922,0.5871228571428572,8.37966134920635,30.74,27.86,0,50
INCREASE_HEAP,8,3,8,30,38,0.233,0.736,0.08387,0.5492333333333334,8.928894682539683,33.44,25.8,0,50
DECREASE_CPU,8,2,8,16,20,0.149,0.983,0.071,0.2322475,9.161142182539683,135.62,7.42,0,50
DECREASE_HEAP,8,2,7,18,23,0.152,0.877,0.06817,0.22898285714285713,9.39012503968254,131.28,7.13,0,50
DECREASE_REPLICA,7,2,7,17,21,0.129,0.925,0.05598,0.4462614285714286,9.836386468253968,45.97,19.33,0,50
INCREASE_CPU,7,3,7,33,41,0.164,0.671,0.05619,0.5276019047619048,10.363988373015873,32.26,25.13,0,50
DECREASE_HEAP,7,3,6,51,64,0.19,0.612,0.06019,0.5231266666666666,10.88711503968254,32.89,24.47,0,50
DECREASE_HEAP,7,3,5,49,60,0.165,0.592,0.05407,0.56172,11.448835039682539,30.77,26.39,0,50
INCREASE_HEAP,7,3,6,48,59,0.167,0.623,0.05543,0.53965,11.988485039682539,32.05,25.55,0,50
DECREASE_HEAP,7,3,5,46,57,0.159,0.617,0.05348,0.6346799999999999,12.623165039682538,25.7,30.36,0,50
DECREASE_HEAP,7,3,4,52,63,0.182,0.583,0.05756,0.5159483333333333,13.139113373015872,35.66,22.93,0,50
DECREASE_CPU,7,2,4,45,55,0.109,0.725,0.04562,0.353135,13.492248373015872,71.88,13.07,0,50
DO_NOTHING,7,2,4,45,55,0.103,0.725,0.04429,0.42363499999999993,13.915883373015872,52.07,17.07,0,50
INCREASE_CPU,7,3,4,50,62,0.179,0.595,0.05726,0.4726683333333333,14.388551706349205,42.04,20.47,0,50
DO_NOTHING,7,3,4,50,62,0.179,0.595,0.05726,0.7426683333333334,15.131220039682537,19.0,35.47,0,50
DECREASE_HEAP,7,3,3,52,65,0.172,0.594,0.05568,0.49360666666666664,15.624826706349204,40.92,20.33,0,50
INCREASE_CPU,7,4,3,57,71,0.215,0.581,0.06481,0.8543283333333332,16.47915503968254,16.89,40.59,0,50
INCREASE_CPU,7,5,3,60,74,0.176,0.567,0.05576,0.92984,17.408995039682537,13.24,45.43,0,50
INCREASE_HEAP,7,5,4,52,64,0.242,0.543,0.06965,0.8901950000000001,18.299190039682536,14.88,44.34,0,50
DECREASE_HEAP,7,5,3,59,73,0.172,0.572,0.05502,0.9414333333333333,19.24062337301587,13.8,46.05,0,50
INCREASE_CPU,7,6,3,61,76,0.202,0.555,0.06116,0.9724333333333333,20.213056706349203,12.71,47.95,0,50
INCREASE_CPU,7,7,3,66,81,0.162,0.527,0.05148,0.9985047619047619,21.211561468253965,11.25,49.95,0,50
DECREASE_HEAP,7,7,2,65,79,0.169,0.495,0.05208,1.0234014285714286,22.234962896825394,11.57,49.31,0,50
DECREASE_HEAP,7,7,1,63,77,0.189,0.406,0.05386,1.0922,23.327162896825392,12.67,48.65,0,50
INCREASE_REPLICA,8,7,1,56,70,0.178,0.42,0.05925,1.0764542857142856,24.403617182539676,11.95,47.43,0,50
INCREASE_CPU,8,8,1,50,62,0.32,0.391,0.09418,1.09246,25.496077182539675,12.97,48.72,0,50
INCREASE_CPU,8,9,1,55,67,0.25,0.397,0.07668,1.104108888888889,26.600186071428563,11.86,49.54,0,50
DECREASE_HEAP,8,9,1,,,,,,-1,25.600186071428563,,,,
DECREASE_HEAP,8,9,1,,,,,,-1,24.600186071428563,,,,
DO_NOTHING,8,9,1,59,73,0.25,0.409,0.07709,1.1133488888888887,25.713534960317453,10.41,49.72,0,50
DECREASE_CPU,8,8,1,38,47,0.431,0.393,0.12232,1.0868975,26.800432460317452,12.96,47.97,0,50
INCREASE_CPU,8,9,1,55,67,0.275,0.387,0.08266,1.098517777777778,27.89895023809523,11.87,49.43,0,50
INCREASE_CPU,8,9,1,,,,,,-1,26.89895023809523,,,,
DECREASE_HEAP,8,9,1,,,,,,-1,25.89895023809523,,,,
DECREASE_HEAP,8,9,1,,,,,,-1,24.89895023809523,,,,
DO_NOTHING,8,9,1,59,73,0.275,0.399,0.08307,1.1246777777777777,26.023628015873008,10.43,50.55,0,50
INCREASE_CPU,8,9,1,,,,,,-1,25.023628015873008,,,,
DECREASE_CPU,8,8,1,37,46,0.465,0.375,0.1303,1.0998225,26.123450515873007,12.74,49.07,0,50
DECREASE_CPU,8,7,1,47,57,0.326,0.4,0.096,1.0575857142857144,27.18103623015872,13.59,46.35,0,50
DECREASE_HEAP,8,7,1,,,,,,-1,26.18103623015872,,,,
INCREASE_CPU,8,8,1,49,61,0.309,0.405,0.09187,1.1003924999999999,27.281428730158723,12.2,48.81,0,50
INCREASE_CPU,8,9,1,56,69,0.291,0.39,0.08681,1.0998266666666667,28.381255396825388,12.64,49.37,0,50
DECREASE_CPU,8,8,1,52,64,0.291,0.391,0.08684,1.0929875,29.474242896825388,12.39,48.85,0,50
DECREASE_HEAP,8,8,1,,,,,,-1,28.474242896825388,,,,
INCREASE_CPU,8,9,1,56,69,0.282,0.39,0.08453,1.1070666666666666,29.581309563492056,11.83,49.8,0,50
INCREASE_CPU,8,9,1,,,,,,-1,28.581309563492056,,,,
DECREASE_HEAP,8,9,1,,,,,,-1,27.581309563492056,,,,
INCREASE_CPU,8,9,1,,,,,,-1,26.581309563492056,,,,
INCREASE_REPLICA,9,9,1,53,65,0.167,0.399,0.06273,1.124617777777778,27.705927341269835,10.64,50.88,0,50
DECREASE_HEAP,9,9,1,,,,,,-1,26.705927341269835,,,,
DECREASE_HEAP,9,9,1,,,,,,-1,25.705927341269835,,,,
DECREASE_REPLICA,8,9,1,55,67,0.123,0.412,0.04507,1.1007733333333334,26.806700674603167,9.71,49.33,0,50
INCREASE_CPU,8,9,1,,,,,,-1,25.806700674603167,,,,
INCREASE_CPU,8,9,1,,,,,,-1,24.806700674603167,,,,
DECREASE_REPLICA,7,9,1,62,77,0.107,0.419,0.0361,1.1167044444444445,25.92340511904761,9.0,50.07,0,50
INCREASE_CPU,7,9,1,,,,,,-1,24.92340511904761,,,,
DO_NOTHING,7,9,1,62,77,0.107,0.419,0.0361,1.1069844444444443,26.030389563492054,9.09,49.53,0,50
DECREASE_HEAP,7,9,1,,,,,,-1,25.030389563492054,,,,
INCREASE_CPU,7,9,1,,,,,,-1,24.030389563492054,,,,
DECREASE_REPLICA,6,9,1,71,88,0.115,0.42,0.03249,1.1163888888888889,25.146778452380943,8.88,50.0,0,50
INCREASE_CPU,6,9,1,,,,,,-1,24.146778452380943,,,,
DECREASE_HEAP,6,9,1,,,,,,-1,23.146778452380943,,,,
INCREASE_CPU,6,9,1,,,,,,-1,22.146778452380943,,,,
INCREASE_CPU,6,9,1,,,,,,-1,21.146778452380943,,,,
DO_NOTHING,6,9,1,71,88,0.115,0.42,0.03249,1.119988888888889,22.266767341269833,8.55,50.2,0,50
INCREASE_CPU,6,9,1,,,,,,-1,21.266767341269833,,,,
DECREASE_HEAP,6,9,1,,,,,,-1,20.266767341269833,,,,
INCREASE_CPU,6,9,1,,,,,,-1,19.266767341269833,,,,
DECREASE_HEAP,6,9,1,,,,,,-1,18.266767341269833,,,,
DECREASE_HEAP,6,9,1,,,,,,-1,17.266767341269833,,,,
DECREASE_HEAP,6,9,1,,,,,,-1,16.266767341269833,,,,
INCREASE_CPU,6,9,1,,,,,,-1,15.266767341269833,,,,
DECREASE_HEAP,6,9,1,,,,,,-1,14.266767341269833,,,,
INCREASE_CPU,6,9,1,,,,,,-1,13.266767341269833,,,,
INCREASE_CPU,6,9,1,,,,,,-1,12.266767341269833,,,,
INCREASE_CPU,6,9,1,,,,,,-1,11.266767341269833,,,,
INCREASE_HEAP,6,9,2,73,92,0.253,0.496,0.06059,1.0549755555555556,12.32174289682539,10.78,50.94,0,50
DECREASE_HEAP,6,9,1,69,85,0.29,0.397,0.0651,1.1111911111111112,13.4329340079365,11.4,49.81,0,50
INCREASE_CPU,6,9,1,,,,,,-1,12.4329340079365,,,,
DECREASE_HEAP,6,9,1,,,,,,-1,11.4329340079365,,,,
DECREASE_REPLICA,5,9,1,78,98,0.289,0.405,0.05426,1.1221555555555556,12.555089563492057,9.55,50.2,0,50
DECREASE_HEAP,5,9,1,,,,,,-1,11.555089563492057,,,,
INCREASE_CPU,5,9,1,,,,,,-1,10.555089563492057,,,,
DECREASE_CPU,5,8,1,88,109,0.254,0.393,0.04847,1.110935,11.666024563492057,11.36,49.92,0,50
INCREASE_CPU,5,9,1,86,107,0.275,0.39,0.05173,1.1165777777777777,12.782602341269834,10.3,50.35,0,50
DECREASE_HEAP,5,9,1,,,,,,-1,11.782602341269834,,,,
INCREASE_HEAP,5,9,2,85,106,0.275,0.498,0.05402,1.0617377777777777,12.844340119047612,10.3,51.22,0,50
INCREASE_CPU,5,9,2,,,,,,-1,11.844340119047612,,,,
DO_NOTHING,5,9,2,90,113,0.275,0.512,0.05431,1.0637977777777778,12.908137896825389,9.23,51.14,0,50
INCREASE_CPU,5,9,2,,,,,,-1,11.908137896825389,,,,
DECREASE_HEAP,5,9,1,71,88,0.439,0.383,0.0775,1.1050888888888888,13.013226785714277,11.41,49.4,0,50
DO_NOTHING,5,9,1,91,113,0.439,0.403,0.07792,1.170528888888889,14.183755674603166,10.21,52.48,0,50
DECREASE_REPLICA,4,9,1,94,117,0.196,0.419,0.03188,1.1191288888888888,15.302884563492055,9.04,49.93,0,50
DECREASE_REPLICA,3,9,1,106,131,0.193,0.424,0.02369,1.096262222222222,16.399146785714276,9.51,48.53,0,50
DECREASE_REPLICA,2,9,1,147,184,0.176,0.43,0.01477,1.0551177777777778,17.454264563492053,10.47,46.13,0,50
DECREASE_HEAP,2,9,1,,,,,,-1,16.454264563492053,,,,
INCREASE_HEAP,2,9,2,210,257,0.335,0.505,0.02546,1.047021111111111,17.501285674603164,9.03,50.12,0,50
DO_NOTHING,2,9,2,210,257,0.335,0.505,0.02546,1.046121111111111,18.547406785714276,7.99,50.07,0,50
INCREASE_REPLICA,3,9,2,135,164,0.369,0.538,0.04183,1.0514,19.598806785714277,9.92,49.8,0,50
DO_NOTHING,3,9,2,135,164,0.369,0.538,0.04183,1.05014,20.648946785714276,8.51,49.73,0,50
INCREASE_HEAP,3,9,3,135,167,0.281,0.529,0.03337,1.0025177777777778,21.651464563492056,9.85,49.93,0,50
DECREASE_HEAP,3,9,2,98,122,0.212,0.491,0.02635,1.0363277777777777,22.687792341269834,9.62,50.1,0,50
DECREASE_REPLICA,2,9,2,169,205,0.317,0.536,0.02458,1.051611111111111,23.739403452380945,8.46,50.0,0,50
INCREASE_CPU,2,9,2,,,,,,-1,22.739403452380945,,,,
INCREASE_CPU,2,9,2,,,,,,-1,21.739403452380945,,,,
INCREASE_HEAP,2,9,3,222,262,0.364,0.537,0.02756,1.0124222222222221,22.751825674603168,9.7,50.15,0,50
DO_NOTHING,2,9,3,229,267,0.364,0.59,0.02801,1.0048755555555555,23.756701230158725,9.16,49.24,0,50
INCREASE_REPLICA,3,9,3,146,182,0.184,0.581,0.02483,1.0200155555555555,24.77671678571428,9.28,50.72,0,50
INCREASE_CPU,3,9,3,,,,,,-1,23.77671678571428,,,,
INCREASE_CPU,3,9,3,,,,,,-1,22.77671678571428,,,,
INCREASE_CPU,3,9,3,,,,,,-1,21.77671678571428,,,,
INCREASE_CPU,3,9,3,,,,,,-1,0.0,,,,
INCREASE_REPLICA,4,9,3,114,141,0.194,0.571,0.03421,1.0210644444444443,1.0210644444444443,9.27,50.84,0,50
DECREASE_HEAP,4,9,2,112,137,0.292,0.497,0.04534,1.0604522222222221,2.0815166666666665,9.93,51.11,0,50
INCREASE_REPLICA,5,9,2,91,113,0.226,0.519,0.04672,1.0696655555555554,3.151182222222222,9.35,51.52,0,50
DO_NOTHING,5,9,2,91,113,0.226,0.539,0.04714,1.0615255555555556,4.212707777777777,8.78,50.79,0,50
INCREASE_CPU,5,9,2,,,,,,-1,3.2127077777777773,,,,
DECREASE_HEAP,5,9,1,69,85,0.449,0.38,0.07902,1.1115244444444445,4.324232222222221,11.23,49.81,0,50
INCREASE_CPU,5,9,1,,,,,,-1,3.3242322222222214,,,,
DECREASE_REPLICA,4,9,1,96,118,0.475,0.397,0.06679,1.1128288888888889,4.4370611111111105,9.77,49.33,0,50
INCREASE_HEAP,4,9,2,112,137,0.236,0.497,0.03826,1.0519411111111112,5.489002222222222,9.65,50.81,0,50
DECREASE_HEAP,4,9,1,104,128,0.288,0.406,0.0433,1.1103599999999998,6.599362222222222,10.44,49.52,0,50
DO_NOTHING,4,9,1,113,139,0.288,0.421,0.04355,1.1475600000000001,7.7469222222222225,9.13,51.17,0,50
INCREASE_HEAP,4,9,2,81,100,0.481,0.487,0.06907,1.0612522222222223,8.808174444444445,10.22,50.71,0,50
DECREASE_HEAP,4,9,1,100,124,0.307,0.412,0.0458,1.1300755555555555,9.93825,10.31,50.39,0,50
DECREASE_HEAP,4,9,1,,,,,,-1,8.93825,,,,
INCREASE_HEAP,4,9,2,102,126,0.278,0.489,0.04344,1.0506544444444443,9.988904444444444,10.02,50.72,0,50
INCREASE_HEAP,4,9,3,110,135,0.281,0.511,0.04419,1.0131977777777779,11.002102222222222,9.73,50.69,0,50
DECREASE_HEAP,4,9,2,108,132,0.272,0.5,0.04287,1.0509111111111111,12.053013333333332,9.81,50.6,0,50
INCREASE_HEAP,4,9,3,110,135,0.273,0.532,0.04354,1.0126533333333334,13.065666666666665,9.8,50.49,0,50
INCREASE_CPU,4,9,3,,,,,,-1,12.065666666666665,,,,
INCREASE_HEAP,4,9,4,109,133,0.289,0.517,0.0453,0.9887805555555554,13.05444722222222,9.77,50.45,0,50
DECREASE_HEAP,4,9,3,103,126,0.269,0.5,0.04249,1.0162777777777778,14.070725,9.79,51.0,0,50
DECREASE_HEAP,4,9,2,111,138,0.263,0.511,0.04192,1.052261111111111,15.12298611111111,9.93,50.55,0,50
DO_NOTHING,4,9,2,114,140,0.263,0.534,0.04231,1.0549511111111112,16.177937222222223,9.02,50.38,0,50
DECREASE_HEAP,4,9,1,82,102,0.495,0.397,0.06932,1.1225800000000001,17.300517222222222,10.48,49.81,0,50
DECREASE_HEAP,4,9,1,,,,,,-1,16.300517222222222,,,,
DECREASE_HEAP,4,9,1,,,,,,-1,15.300517222222222,,,,
DECREASE_HEAP,4,9,1,,,,,,-1,14.300517222222222,,,,
DECREASE_HEAP,4,9,1,,,,,,-1,13.300517222222222,,,,
DECREASE_HEAP,4,9,1,,,,,,-1,12.300517222222222,,,,
DECREASE_HEAP,4,9,1,,,,,,-1,11.300517222222222,,,,
DECREASE_HEAP,4,9,1,,,,,,-1,10.300517222222222,,,,
DO_NOTHING,4,9,1,111,138,0.495,0.415,0.06962,1.12762,11.428137222222222,10.21,49.59,0,50
DECREASE_HEAP,4,9,1,,,,,,-1,10.428137222222222,,,,
DECREASE_HEAP,4,9,1,,,,,,-1,9.428137222222222,,,,
INCREASE_CPU,4,9,1,,,,,,-1,8.428137222222222,,,,
DECREASE_HEAP,4,9,1,,,,,,-1,7.428137222222222,,,,
INCREASE_CPU,4,9,1,,,,,,-1,6.428137222222222,,,,
INCREASE_HEAP,4,9,2,89,110,0.427,0.49,0.0623,1.0609822222222223,7.489119444444444,10.33,50.82,0,50
DECREASE_HEAP,4,9,1,107,132,0.32,0.397,0.04719,1.1151977777777777,8.604317222222223,10.22,49.94,0,50
DECREASE_HEAP,4,9,1,,,,,,-1,7.604317222222223,,,,
DO_NOTHING,4,9,1,113,139,0.32,0.414,0.04748,1.1235177777777778,8.727835,9.46,49.93,0,50
DECREASE_HEAP,4,9,1,,,,,,-1,7.727835000000001,,,,
DECREASE_HEAP,4,9,1,,,,,,-1,6.727835000000001,,,,
INCREASE_CPU,4,9,1,,,,,,-1,5.727835000000001,,,,
DECREASE_HEAP,4,9,1,,,,,,-1,4.727835000000001,,,,
DECREASE_HEAP,4,9,1,,,,,,-1,3.7278350000000007,,,,
DECREASE_REPLICA,3,9,1,140,174,0.19,0.435,0.02355,1.1167155555555557,4.844550555555556,9.3,49.37,0,50
INCREASE_HEAP,3,9,2,124,152,0.306,0.482,0.03515,1.05424,5.898790555555556,9.57,50.93,0,50
DO_NOTHING,3,9,2,147,183,0.306,0.502,0.0354,1.04646,6.945250555555556,8.96,50.22,0,50
DO_NOTHING,3,9,2,147,183,0.306,0.502,0.0354,1.0065,7.951750555555556,9.64,48.0,0,50
DO_NOTHING,3,9,2,147,183,0.214,0.502,0.02668,0.9965288888888888,8.948279444444445,9.38,47.73,0,50
INCREASE_CPU,3,9,2,,,,,,-1,7.948279444444445,,,,
DECREASE_REPLICA,2,9,2,166,203,0.191,0.543,0.01668,1.040421111111111,8.988700555555557,7.9,49.67,0,50
DECREASE_HEAP,2,9,1,213,255,0.369,0.452,0.02716,1.1239999999999999,10.112700555555557,10.83,48.75,0,50
DECREASE_HEAP,2,9,1,,,,,,-1,9.112700555555557,,,,
DECREASE_HEAP,2,9,1,,,,,,-1,8.112700555555557,,,,
DO_NOTHING,2,9,1,213,255,0.369,0.452,0.02716,1.12724,9.239940555555558,9.12,48.93,0,50
DECREASE_HEAP,2,9,1,,,,,,-1,8.239940555555558,,,,
DECREASE_HEAP,2,9,1,,,,,,-1,7.239940555555558,,,,
DECREASE_HEAP,2,9,1,,,,,,-1,6.239940555555558,,,,
DECREASE_CPU,2,8,1,141,179,0.479,0.413,0.03378,1.0620975,7.302038055555558,11.66,45.87,0,50
DECREASE_HEAP,2,8,1,,,,,,-1,6.302038055555558,,,,
DECREASE_HEAP,2,8,1,,,,,,-1,5.302038055555558,,,,
INCREASE_CPU,2,9,1,191,226,0.455,0.417,0.0323,1.1141577777777776,6.416195833333336,10.6,48.91,0,50
DECREASE_HEAP,2,9,1,,,,,,-1,5.416195833333336,,,,
DECREASE_HEAP,2,9,1,,,,,,-1,4.416195833333336,,,,
DECREASE_HEAP,2,9,1,,,,,,-1,3.4161958333333358,,,,
INCREASE_HEAP,2,9,2,205,251,0.355,0.517,0.02682,1.0572522222222223,4.473448055555558,8.89,50.46,0,50
DECREASE_HEAP,2,9,1,197,236,0.432,0.392,0.03063,1.07914,5.552588055555558,11.38,47.73,0,50
DECREASE_HEAP,2,9,1,,,,,,-1,4.552588055555558,,,,
DECREASE_REPLICA,1,9,1,295,339,0.314,0.474,0.01193,1.1459844444444443,5.698572500000002,7.93,49.53,0,50
DECREASE_HEAP,1,9,1,,,,,,-1,4.698572500000002,,,,
DECREASE_REPLICA,1,9,1,,,,,,-1,3.698572500000002,,,,
DECREASE_REPLICA,1,9,1,,,,,,-1,2.698572500000002,,,,
INCREASE_CPU,1,9,1,,,,,,-1,1.6985725000000018,,,,
INCREASE_REPLICA,2,9,1,182,220,0.334,0.438,0.02483,1.1141555555555556,2.8127280555555574,10.13,48.7,0,50
INCREASE_CPU,2,9,1,,,,,,-1,1.8127280555555574,,,,
DECREASE_REPLICA,1,9,1,274,315,0.138,0.498,0.00647,1.1458666666666666,2.958594722222224,7.67,49.4,0,50
INCREASE_HEAP,1,9,2,248,310,0.618,0.522,0.02175,1.0450333333333333,4.0036280555555575,9.07,48.9,0,50
DECREASE_REPLICA,1,9,2,,,,,,-1,3.0036280555555575,,,,
INCREASE_REPLICA,2,9,2,217,258,0.37,0.541,0.02798,1.0426655555555557,4.046293611111113,9.69,49.27,0,50
DECREASE_HEAP,2,9,1,195,234,0.41,0.411,0.0294,1.0962377777777779,5.142531388888891,11.04,48.22,0,50
DECREASE_REPLICA,1,9,1,228,264,0.39,0.472,0.01433,1.1684666666666668,6.310998055555558,8.57,50.6,0,50
DO_NOTHING,1,9,1,228,264,0.319,0.472,0.01208,1.1272622222222222,7.43826027777778,9.23,48.53,0,50
INCREASE_CPU,1,9,1,,,,,,-1,6.43826027777778,,,,
INCREASE_HEAP,1,9,2,198,222,0.676,0.501,0.02349,1.0338255555555556,7.4720858333333355,9.67,48.39,0,50
DECREASE_CPU,1,8,2,183,229,0.673,0.522,0.02349,1.0192825,8.491368333333336,10.15,47.04,0,50
INCREASE_CPU,1,9,2,216,244,0.653,0.506,0.02279,1.0199377777777778,9.511306111111114,10.02,47.62,0,50
INCREASE_HEAP,1,9,3,185,225,0.659,0.554,0.02318,1.0017644444444445,10.513070555555558,9.47,48.49,0,50
INCREASE_CPU,1,9,3,,,,,,-1,9.513070555555558,,,,
DO_NOTHING,1,9,3,355,419,0.659,0.616,0.02344,0.9696177777777777,10.482688333333336,9.82,46.13,0,50
DO_NOTHING,1,9,3,355,419,0.659,0.616,0.02344,1.0045377777777778,11.487226111111113,8.37,48.07,0,50
INCREASE_REPLICA,2,9,3,192,236,0.28,0.608,0.02285,1.007708888888889,12.494935000000002,9.42,49.49,0,50
DECREASE_REPLICA,1,9,3,251,300,0.124,0.688,0.00683,1.0166955555555557,13.511630555555557,7.24,49.73,0,50
INCREASE_CPU,1,9,3,,,,,,-1,12.511630555555557,,,,
DECREASE_REPLICA,1,9,3,,,,,,-1,11.511630555555557,,,,
DECREASE_HEAP,1,9,2,324,362,0.641,0.545,0.02257,1.0324411111111111,12.54407166666667,10.02,47.81,0,50
INCREASE_HEAP,1,9,3,195,239,0.666,0.54,0.02334,0.9926200000000001,13.53669166666667,9.42,48.09,0,50
DECREASE_HEAP,1,9,2,236,267,0.624,0.517,0.02192,1.0484366666666667,14.585128333333337,9.12,49.14,0,50
INCREASE_CPU,1,9,2,,,,,,-1,13.585128333333337,,,,
INCREASE_CPU,1,9,2,,,,,,-1,12.585128333333337,,,,
INCREASE_REPLICA,2,9,2,207,239,0.385,0.527,0.02881,1.0387388888888889,13.623867222222225,9.65,49.2,0,50
INCREASE_CPU,2,9,2,,,,,,-1,12.623867222222225,,,,
INCREASE_CPU,2,9,2,,,,,,-1,11.623867222222225,,,,
INCREASE_CPU,2,9,2,,,,,,-1,10.623867222222225,,,,
DECREASE_REPLICA,1,9,2,312,348,0.167,0.608,0.00786,1.0648777777777778,11.688745000000003,7.33,50.2,0,50
INCREASE_HEAP,1,9,3,266,321,0.577,0.532,0.02049,1.0133422222222224,12.702087222222225,8.6,49.59,0,50
INCREASE_HEAP,1,9,4,266,301,0.664,0.558,0.02335,0.966318888888889,13.668406111111114,9.94,47.76,0,50
INCREASE_REPLICA,2,9,4,205,245,0.352,0.576,0.02714,0.9976755555555554,14.66608166666667,9.09,50.34,0,50
INCREASE_CPU,2,9,4,,,,,,-1,13.66608166666667,,,,
INCREASE_HEAP,2,9,5,215,256,0.353,0.554,0.02701,0.9750111111111112,14.641092777777782,9.76,50.0,0,50
INCREASE_HEAP,2,9,6,206,251,0.341,0.568,0.02637,0.9678977777777779,15.60899055555556,9.24,50.09,0,50
DECREASE_HEAP,2,9,5,200,238,0.38,0.538,0.02858,0.9853511111111111,16.594341666666672,9.63,50.58,0,50
INCREASE_REPLICA,3,9,5,142,172,0.267,0.563,0.03248,0.9722133333333334,17.566555000000005,9.75,50.06,0,50
DO_NOTHING,3,9,5,148,183,0.267,0.581,0.03271,0.9909333333333333,18.55748833333334,8.4,51.0,0,50
DECREASE_REPLICA,2,9,5,183,215,0.12,0.615,0.0128,0.9766266666666668,19.534115000000007,8.09,50.47,0,50
INCREASE_HEAP,2,9,6,185,229,0.422,0.524,0.03112,0.9701711111111112,20.504286111111117,9.14,50.17,0,50
DECREASE_REPLICA,1,9,6,207,257,0.302,0.549,0.01187,0.9277877777777778,21.432073888888894,8.29,48.07,0,50
DECREASE_REPLICA,1,9,6,,,,,,-1,20.432073888888894,,,,
DECREASE_HEAP,1,9,5,342,378,0.563,0.516,0.01998,0.9632577777777777,21.39533166666667,9.26,48.91,0,50
DECREASE_REPLICA,1,9,5,,,,,,-1,20.39533166666667,,,,
DECREASE_HEAP,1,9,4,186,233,0.638,0.54,0.02246,0.9779244444444444,21.373256111111115,9.33,48.61,0,50
INCREASE_HEAP,1,9,5,232,261,0.671,0.561,0.02359,0.9642177777777778,22.337473888888894,9.66,48.38,0,50
INCREASE_CPU,1,9,5,,,,,,-1,21.337473888888894,,,,
INCREASE_HEAP,1,9,6,176,219,0.625,0.507,0.02191,0.9521322222222223,22.289606111111116,9.16,48.62,0,50
INCREASE_CPU,1,9,6,,,,,,-1,21.289606111111116,,,,
INCREASE_HEAP,1,9,7,193,219,0.672,0.572,0.02367,0.9319304761904762,22.221536587301593,10.2,47.43,0,50
INCREASE_CPU,1,9,7,,,,,,-1,0.0,,,,
INCREASE_HEAP,1,9,8,194,240,0.65,0.56,0.02292,0.9547311111111112,0.9547311111111112,9.04,49.09,0,50
DECREASE_HEAP,1,9,7,218,248,0.655,0.564,0.02309,0.9417546031746032,1.8964857142857143,9.85,48.06,0,50
INCREASE_HEAP,1,9,8,218,270,0.64,0.561,0.02261,0.9482980555555556,2.84478376984127,9.0,48.76,0,50
INCREASE_HEAP,1,9,9,214,243,0.661,0.588,0.02339,0.9476088888888888,3.792392658730159,9.46,48.79,0,50
INCREASE_CPU,1,9,9,,,,,,-1,2.792392658730159,,,,
INCREASE_HEAP,1,9,9,,,,,,-1,1.7923926587301588,,,,
DECREASE_CPU,1,8,9,149,187,0.666,0.56,0.02343,0.9064961111111112,2.69888876984127,10.92,46.32,0,50
DECREASE_CPU,1,7,9,155,184,0.637,0.626,0.02279,0.8911777777777778,3.590066547619048,11.9,45.05,0,50
INCREASE_HEAP,1,7,9,,,,,,-1,2.590066547619048,,,,
DECREASE_CPU,1,6,9,43,61,0.588,0.572,0.02101,0.8589177777777778,3.4489843253968258,12.78,43.23,0,50
INCREASE_HEAP,1,6,9,,,,,,-1,2.4489843253968258,,,,
INCREASE_HEAP,1,6,9,,,,,,-1,1.4489843253968258,,,,
INCREASE_HEAP,1,6,9,,,,,,-1,0.44898432539682576,,,,
DO_NOTHING,1,6,9,304,377,0.588,0.655,0.02136,0.8217688888888889,1.2707532142857145,13.74,40.91,0,50
DECREASE_HEAP,1,6,8,3,4,0.0,0.41,0.00174,0.760025,2.0307782142857143,14.58,40.8,0,50
DECREASE_HEAP,1,6,7,3,4,0.599,0.484,0.02099,0.8678480952380951,2.8986263095238094,12.34,43.52,0,50
DECREASE_CPU,1,5,7,12,17,0.473,0.546,0.01727,0.6983,3.5969263095238095,20.58,34.0,0,50
INCREASE_HEAP,1,5,8,10,14,0.477,0.581,0.01754,0.7822325,4.379158809523809,16.01,38.79,0,50
DECREASE_HEAP,1,5,7,15,21,0.483,0.534,0.01753,0.7196828571428572,5.098841666666666,19.44,35.18,0,50
DO_NOTHING,1,5,7,268,321,0.483,0.641,0.01798,0.8034657142857142,5.90230738095238,15.36,39.41,0,50
INCREASE_HEAP,1,5,8,87,118,0.495,0.616,0.01826,0.7873,6.68960738095238,15.95,38.85,0,50
INCREASE_HEAP,1,5,9,31,41,0.489,0.606,0.01803,0.6936666666666668,7.3832740476190475,20.51,33.95,0,50
DECREASE_HEAP,1,5,8,21,32,0.499,0.51,0.01793,0.7760349999999999,8.159309047619047,16.13,38.57,0,50
DECREASE_HEAP,1,5,7,27,37,0.486,0.524,0.01758,0.6863285714285715,8.845637619047618,21.0,33.35,0,50
DECREASE_HEAP,1,5,6,26,39,0.495,0.501,0.01777,0.7466299999999999,9.592267619047618,18.28,36.41,0,50
INCREASE_HEAP,1,5,7,43,57,0.479,0.602,0.01769,0.7587,10.350967619047617,17.61,37.1,0,50
DO_NOTHING,1,5,7,43,57,0.479,0.602,0.01769,0.7497,11.100667619047618,17.1,36.6,0,50
DECREASE_HEAP,1,5,6,3,4,0.499,0.468,0.01776,0.6805599999999999,11.781227619047618,21.31,32.87,0,50
INCREASE_REPLICA,2,5,6,153,187,0.407,0.57,0.03056,0.6606,12.441827619047618,23.13,31.8,0,50
INCREASE_CPU,2,6,6,128,161,0.413,0.555,0.03081,0.8926466666666667,13.334474285714284,12.11,45.11,0,50
DECREASE_HEAP,2,6,5,123,152,0.392,0.582,0.02971,0.8679266666666666,14.202400952380952,13.62,43.17,0,50
INCREASE_REPLICA,3,6,5,138,171,0.298,0.617,0.0361,0.9127333333333334,15.115134285714285,12.14,45.9,0,50
INCREASE_HEAP,3,6,6,128,159,0.248,0.577,0.03085,0.8920699999999999,16.007204285714284,12.43,45.74,0,50
DECREASE_REPLICA,2,6,6,164,200,0.19,0.606,0.01715,0.8595933333333333,16.866797619047617,11.28,44.07,0,50
DECREASE_HEAP,2,6,5,135,168,0.378,0.572,0.02875,0.8753,17.742097619047616,13.46,43.7,0,50
DECREASE_HEAP,2,6,4,116,144,0.419,0.582,0.03142,0.8787866666666667,18.620884285714283,13.91,42.84,0,50
INCREASE_HEAP,2,6,5,123,152,0.402,0.561,0.03017,0.8958200000000001,19.516704285714283,12.43,44.79,0,50
INCREASE_REPLICA,3,6,5,130,159,0.31,0.604,0.03708,0.8865133333333333,20.403217619047616,13.23,44.46,0,50
DECREASE_REPLICA,2,6,5,154,189,0.183,0.662,0.01718,0.9441900000000001,21.347407619047615,8.87,47.93,0,50
INCREASE_HEAP,2,6,6,135,169,0.409,0.571,0.0307,0.8767266666666667,22.224134285714282,12.83,44.17,0,50
DECREASE_HEAP,2,6,5,127,159,0.407,0.547,0.03037,0.9018566666666666,23.12599095238095,12.46,45.18,0,50
DECREASE_HEAP,2,6,4,113,139,0.42,0.538,0.03111,0.90235,24.028340952380947,12.52,44.45,0,50
INCREASE_CPU,2,7,4,145,183,0.366,0.536,0.02768,0.9560628571428571,24.984403809523805,10.53,47.94,0,50
INCREASE_HEAP,2,7,5,158,191,0.425,0.569,0.03169,0.9267771428571427,25.91118095238095,11.95,46.64,0,50
DECREASE_CPU,2,6,5,124,156,0.409,0.533,0.03037,0.9099833333333334,26.821164285714282,12.04,45.7,0,50
INCREASE_HEAP,2,6,6,132,164,0.411,0.543,0.03059,0.88788,27.70904428571428,12.72,44.91,0,50
DECREASE_HEAP,2,6,5,117,143,0.411,0.57,0.03081,0.9017899999999999,28.61083428571428,12.21,45.03,0,50
INCREASE_REPLICA,3,6,5,128,157,0.313,0.625,0.03763,0.8994833333333334,29.510317619047612,12.74,45.05,0,50
INCREASE_HEAP,3,6,6,102,127,0.3,0.569,0.03568,0.9155366666666667,30.42585428571428,11.69,46.84,0,50
DO_NOTHING,3,6,6,136,170,0.3,0.593,0.03599,0.9070966666666668,31.332950952380948,11.32,46.26,0,50
INCREASE_HEAP,3,6,7,132,162,0.238,0.603,0.03023,0.9103447619047619,32.24329571428571,11.78,47.08,0,50
INCREASE_HEAP,3,6,8,105,131,0.3,0.601,0.03609,0.8939824999999999,33.13727821428571,12.18,46.19,0,50
DECREASE_HEAP,3,6,7,104,129,0.29,0.588,0.03498,0.8723866666666666,34.00966488095237,13.22,44.79,0,50
INCREASE_HEAP,3,6,8,106,131,0.301,0.564,0.03571,0.8548533333333334,34.8645182142857,13.85,44.14,0,50
DECREASE_HEAP,3,6,7,100,123,0.301,0.558,0.03564,0.8618004761904762,35.72631869047618,13.29,44.27,0,50
INCREASE_HEAP,3,6,8,88,109,0.32,0.602,0.038,0.8624116666666667,36.58873035714284,12.85,44.34,0,50
DECREASE_REPLICA,2,6,8,149,184,0.207,0.638,0.01849,0.873065,37.46179535714284,10.91,45.33,0,50
DECREASE_CPU,2,5,8,98,123,0.376,0.616,0.02899,0.8126599999999999,38.27445535714284,14.88,40.92,0,50
INCREASE_REPLICA,3,5,8,116,143,0.29,0.629,0.0355,0.7071325,38.98158785714284,21.55,35.49,0,50
INCREASE_HEAP,3,5,9,91,115,0.26,0.625,0.0326,0.8059222222222222,39.78751007936506,16.37,41.4,0,50
INCREASE_HEAP,3,5,9,,,,,,-1,38.78751007936506,,,,
DECREASE_REPLICA,2,5,9,140,174,0.178,0.636,0.01664,0.8535933333333333,39.6411034126984,11.57,44.47,0,50
DECREASE_CPU,2,4,9,89,113,0.369,0.69,0.02918,0.5907983333333333,40.23190174603173,28.12,28.13,0,50
INCREASE_HEAP,2,4,9,,,,,,-1,39.23190174603173,,,,
INCREASE_HEAP,2,4,9,,,,,,-1,38.23190174603173,,,,
INCREASE_HEAP,2,4,9,,,,,,-1,37.23190174603173,,,,
INCREASE_HEAP,2,4,9,,,,,,-1,36.23190174603173,,,,
INCREASE_HEAP,2,4,9,,,,,,-1,35.23190174603173,,,,
INCREASE_HEAP,2,4,9,,,,,,-1,34.23190174603173,,,,
INCREASE_CPU,2,5,9,108,136,0.355,0.624,0.02773,0.8432666666666666,35.075168412698396,13.9,42.95,0,50
INCREASE_HEAP,2,5,9,,,,,,-1,34.075168412698396,,,,
DECREASE_CPU,2,4,9,87,109,0.305,0.682,0.02506,0.7029538888888889,34.77812230158729,20.05,34.83,0,50
INCREASE_HEAP,2,4,9,,,,,,-1,33.77812230158729,,,,
DO_NOTHING,2,4,9,138,176,0.305,0.709,0.02529,0.700493888888889,34.478616190476174,19.87,34.61,0,50
INCREASE_HEAP,2,4,9,,,,,,-1,33.478616190476174,,,,
DECREASE_HEAP,2,4,8,108,140,0.338,0.661,0.02697,0.7141025,34.19271869047618,20.16,35.03,0,50
INCREASE_HEAP,2,4,9,81,102,0.353,0.569,0.02714,0.6817961111111112,34.87451480158729,21.03,33.67,0,50
INCREASE_REPLICA,3,4,9,111,138,0.27,0.561,0.03274,0.5415566666666666,35.41607146825395,30.08,26.48,0,50
DECREASE_HEAP,3,4,8,86,108,0.261,0.637,0.03285,0.7553575000000001,36.171428968253956,17.36,37.94,0,50
INCREASE_HEAP,3,4,9,79,99,0.241,0.685,0.03156,0.7707205555555555,36.94214952380951,16.88,39.03,0,50
INCREASE_HEAP,3,4,9,,,,,,-1,35.94214952380951,,,,
DECREASE_CPU,3,3,9,78,98,0.208,0.712,0.02878,0.6417622222222222,36.58391174603173,23.54,31.53,0,50
INCREASE_HEAP,3,3,9,,,,,,-1,35.58391174603173,,,,
INCREASE_HEAP,3,3,9,,,,,,-1,34.58391174603173,,,,
INCREASE_HEAP,3,3,9,,,,,,-1,33.58391174603173,,,,
INCREASE_HEAP,3,3,9,,,,,,-1,32.58391174603173,,,,
INCREASE_HEAP,3,3,9,,,,,,-1,31.58391174603173,,,,
INCREASE_HEAP,3,3,9,,,,,,-1,30.58391174603173,,,,
INCREASE_HEAP,3,3,9,,,,,,-1,29.58391174603173,,,,
INCREASE_HEAP,3,3,9,,,,,,-1,28.58391174603173,,,,
DECREASE_HEAP,3,3,8,77,98,0.207,0.705,0.02859,0.4110225,28.994934246031733,48.76,18.47,0,50
DECREASE_HEAP,3,3,7,60,76,0.214,0.68,0.02894,0.6488980952380952,29.643832341269828,25.05,31.37,0,50
DECREASE_HEAP,3,3,6,73,91,0.216,0.634,0.02854,0.5940933333333334,30.23792567460316,28.09,28.07,0,50
INCREASE_CPU,3,4,6,67,83,0.253,0.593,0.03153,0.7693616666666667,31.00728734126983,17.36,38.24,0,50
DECREASE_HEAP,3,4,5,82,103,0.275,0.585,0.03352,0.752755,31.76004234126983,18.73,36.66,0,50
INCREASE_REPLICA,4,4,5,93,115,0.186,0.602,0.03372,0.8072300000000001,32.56727234126983,15.95,40.21,0,50
INCREASE_HEAP,4,4,6,58,72,0.281,0.594,0.0456,0.7713249999999999,33.338597341269825,18.55,38.15,0,50
DECREASE_HEAP,4,4,5,59,74,0.292,0.6,0.04709,0.8078599999999999,34.14645734126982,17.41,39.52,0,50
INCREASE_HEAP,4,4,6,58,72,0.264,0.586,0.04331,0.8187533333333333,34.965210674603156,16.56,40.94,0,50
INCREASE_HEAP,4,4,7,59,74,0.285,0.615,0.04646,0.7820935714285714,35.747304246031725,17.97,39.03,0,50
INCREASE_HEAP,4,4,8,61,75,0.267,0.603,0.04398,0.8060025,36.55330674603172,16.67,40.83,0,50
DECREASE_HEAP,4,4,7,62,78,0.271,0.608,0.04457,0.8244835714285714,37.377790317460295,15.93,41.51,0,50
DECREASE_HEAP,4,4,6,67,83,0.266,0.616,0.04407,0.8114233333333334,38.189213650793626,16.8,40.38,0,50
INCREASE_CPU,4,5,6,52,64,0.377,0.537,0.05677,0.8573500000000001,39.04656365079362,14.6,43.05,0,50
DECREASE_HEAP,4,5,5,56,70,0.382,0.536,0.05739,0.89496,39.94152365079362,13.79,44.62,0,50
INCREASE_REPLICA,5,5,5,81,101,0.226,0.569,0.04777,0.91542,40.85694365079362,12.47,46.44,0,50
DECREASE_CPU,5,4,5,58,73,0.327,0.581,0.06399,0.749315,41.60625865079362,20.0,36.13,0,50
INCREASE_HEAP,5,4,6,64,79,0.315,0.611,0.06273,0.7649316666666667,42.37119031746029,18.81,37.48,0,50
INCREASE_HEAP,5,4,7,51,64,0.301,0.578,0.05982,0.7940507142857143,43.16524103174601,17.16,39.73,0,50
INCREASE_CPU,5,5,7,52,65,0.376,0.557,0.07123,0.9149257142857142,44.08016674603172,12.04,46.53,0,50
INCREASE_CPU,5,6,7,62,78,0.373,0.572,0.07107,0.9238804761904762,45.0040472222222,11.95,47.33,0,50
INCREASE_HEAP,5,6,8,65,80,0.353,0.606,0.06863,0.9449716666666667,45.949018888888865,11.52,48.76,0,50
INCREASE_HEAP,5,6,9,68,85,0.337,0.6,0.06598,0.9372966666666667,46.886315555555534,11.03,48.66,0,50
DECREASE_HEAP,5,6,8,70,88,0.315,0.576,0.06199,0.97017,47.85648555555554,10.9,50.44,0,50
DECREASE_HEAP,5,6,7,70,89,0.318,0.561,0.06215,0.9406514285714286,48.797136984126965,11.62,48.56,0,50
INCREASE_HEAP,5,6,8,69,86,0.346,0.572,0.0668,0.9392033333333334,49.7363403174603,11.34,48.59,0,50
INCREASE_HEAP,5,6,9,66,84,0.33,0.623,0.06536,0.9270111111111111,50.66335142857141,12.17,48.05,0,50
DECREASE_REPLICA,4,6,9,90,113,0.353,0.636,0.05541,0.9264100000000001,51.58976142857141,10.27,47.87,0,50
INCREASE_HEAP,4,6,9,,,,,,-1,50.58976142857141,,,,
INCREASE_HEAP,4,6,9,,,,,,-1,49.58976142857141,,,,
INCREASE_REPLICA,5,6,9,88,110,0.2,0.634,0.04504,0.9477488888888889,50.537510317460296,10.55,49.77,0,50
INCREASE_CPU,5,7,9,79,99,0.305,0.592,0.06075,0.9634946031746032,51.5010049206349,10.5,50.49,0,50
INCREASE_CPU,5,8,9,86,106,0.286,0.621,0.05836,0.9624550000000001,52.4634599206349,11.0,50.56,0,50
DECREASE_CPU,5,7,9,78,97,0.295,0.597,0.05927,0.9571180952380953,53.42057801587299,10.54,50.16,0,50
INCREASE_HEAP,5,7,9,,,,,,-1,52.42057801587299,,,,
INCREASE_HEAP,5,7,9,,,,,,-1,51.42057801587299,,,,
INCREASE_CPU,5,8,9,85,104,0.278,0.608,0.05682,0.9680727777777778,52.38865079365077,10.73,50.94,0,50
INCREASE_REPLICA,6,8,9,76,96,0.194,0.632,0.05286,0.9666761111111112,0.0,10.09,51.08,0,50
INCREASE_CPU,6,9,9,72,90,0.265,0.579,0.06498,0.9621888888888888,0.9621888888888888,10.91,50.85,0,50
INCREASE_REPLICA,7,9,9,67,83,0.175,0.594,0.05634,0.9619822222222223,1.924171111111111,9.93,51.07,0,50
INCREASE_CPU,7,9,9,,,,,,-1,0.924171111111111,,,,
DECREASE_HEAP,7,9,8,61,76,0.295,0.543,0.08138,0.949066388888889,1.8732375,11.49,49.93,0,50
INCREASE_REPLICA,8,9,8,59,73,0.158,0.568,0.05921,0.9831577777777777,2.8563952777777777,9.9,52.16,0,50
INCREASE_REPLICA,9,9,8,53,65,0.134,0.579,0.0602,0.9594719444444445,3.8158672222222223,9.92,50.88,0,50
INCREASE_CPU,9,9,8,,,,,,-1,2.8158672222222223,,,,
INCREASE_REPLICA,9,9,8,,,,,,-1,1.8158672222222223,,,,
INCREASE_HEAP,9,9,9,50,61,0.245,0.571,0.09148,0.9564933333333333,2.7723605555555557,12.01,50.62,0,50
DO_NOTHING,9,9,9,54,66,0.245,0.58,0.09182,0.9532133333333332,3.725573888888889,10.54,50.41,0,50
INCREASE_CPU,9,9,9,,,,,,-1,2.725573888888889,,,,
INCREASE_CPU,9,9,9,,,,,,-1,1.725573888888889,,,,
DO_NOTHING,9,9,9,54,66,0.245,0.58,0.09182,0.9481733333333332,2.673747222222222,10.25,50.13,0,50
INCREASE_HEAP,9,9,9,,,,,,-1,1.673747222222222,,,,
INCREASE_CPU,9,9,9,,,,,,-1,0.673747222222222,,,,
DECREASE_CPU,9,8,9,52,63,0.197,0.6,0.07893,0.9510458333333333,1.6247930555555552,12.08,50.3,0,50
INCREASE_HEAP,9,8,9,,,,,,-1,0.6247930555555552,,,,
DECREASE_REPLICA,8,8,9,56,67,0.187,0.609,0.06793,0.9370608333333333,1.5618538888888884,9.94,49.53,0,50
DECREASE_REPLICA,7,8,9,63,77,0.124,0.618,0.04577,1.0056233333333333,2.5674772222222217,9.03,53.53,0,50
DECREASE_HEAP,7,8,8,66,81,0.222,0.588,0.06656,0.9716850000000001,3.539162222222222,11.22,51.17,0,50
INCREASE_REPLICA,8,8,8,59,73,0.164,0.597,0.06171,0.9774424999999999,4.516604722222222,10.09,51.66,0,50
DECREASE_HEAP,8,8,7,55,68,0.241,0.562,0.08,0.9577253571428571,5.474330079365079,11.54,50.14,0,50
DO_NOTHING,8,8,7,59,73,0.241,0.578,0.08054,0.9675082142857142,6.441838293650793,10.09,50.62,0,50
DO_NOTHING,8,8,7,59,73,0.241,0.578,0.08054,0.9514882142857143,7.393326507936507,9.74,49.73,0,50
INCREASE_REPLICA,9,8,7,53,65,0.136,0.587,0.06108,0.9957885714285714,8.389115079365078,10.23,52.52,0,50
INCREASE_HEAP,9,8,8,50,61,0.235,0.589,0.08932,0.9434,9.332515079365079,12.16,49.55,0,50
INCREASE_REPLICA,9,8,8,,,,,,-1,8.332515079365079,,,,
INCREASE_REPLICA,9,8,8,,,,,,-1,7.332515079365079,,,,
DECREASE_REPLICA,8,8,8,55,67,0.23,0.605,0.07867,0.9390475,8.271562579365078,10.47,49.27,0,50
DO_NOTHING,8,8,8,55,67,0.13,0.605,0.05338,0.9482774999999999,9.219840079365078,9.99,50.13,0,50
DECREASE_HEAP,8,8,7,53,65,0.279,0.555,0.08937,0.9650003571428571,10.184840436507935,11.6,50.44,0,50
INCREASE_REPLICA,9,8,7,53,65,0.15,0.567,0.0643,0.9635550000000002,11.148395436507935,10.31,50.76,0,50
INCREASE_REPLICA,9,8,7,,,,,,-1,10.148395436507935,,,,
DO_NOTHING,9,8,7,54,66,0.15,0.579,0.06475,0.959372142857143,11.107767579365078,10.48,50.48,0,50
INCREASE_REPLICA,9,8,7,,,,,,-1,10.107767579365078,,,,
INCREASE_REPLICA,9,8,7,,,,,,-1,9.107767579365078,,,,
INCREASE_REPLICA,9,8,7,,,,,,-1,8.107767579365078,,,,
INCREASE_HEAP,9,8,8,37,45,0.388,0.529,0.13056,0.9418325,9.049600079365078,12.98,49.14,0,50
INCREASE_HEAP,9,8,9,50,61,0.218,0.577,0.08402,0.9487405555555556,9.998340634920634,12.09,50.17,0,50
INCREASE_CPU,9,9,9,51,62,0.238,0.562,0.08914,0.9566844444444444,10.955025079365079,11.67,50.68,0,50
INCREASE_HEAP,9,9,9,,,,,,-1,9.955025079365079,,,,
INCREASE_CPU,9,9,9,,,,,,-1,8.955025079365079,,,,
INCREASE_HEAP,9,9,9,,,,,,-1,7.955025079365079,,,,
INCREASE_REPLICA,9,9,9,,,,,,-1,6.955025079365079,,,,
INCREASE_CPU,9,9,9,,,,,,-1,5.955025079365079,,,,
INCREASE_CPU,9,9,9,,,,,,-1,4.955025079365079,,,,
DO_NOTHING,9,9,9,54,66,0.238,0.573,0.08956,0.9599955555555555,5.9150206349206345,10.45,50.83,0,50
DECREASE_REPLICA,8,9,9,58,71,0.133,0.578,0.05323,0.9515600000000001,6.866580634920634,9.54,50.67,0,50
INCREASE_REPLICA,9,9,9,54,67,0.113,0.6,0.05503,1.007111111111111,7.873691746031746,9.94,53.75,0,50
INCREASE_HEAP,9,9,9,,,,,,-1,6.873691746031746,,,,
DECREASE_REPLICA,8,9,9,55,68,0.101,0.608,0.04615,0.947848888888889,7.821540634920635,8.72,50.47,0,50
INCREASE_REPLICA,9,9,9,54,67,0.091,0.62,0.04953,0.9715400000000001,8.793080634920635,9.39,51.78,0,50
DO_NOTHING,9,9,9,55,67,0.091,0.629,0.04988,0.9526000000000001,9.745680634920635,8.6,50.7,0,50
INCREASE_REPLICA,9,9,9,,,,,,-1,8.745680634920635,,,,
INCREASE_REPLICA,9,9,9,,,,,,-1,7.745680634920635,,,,
DECREASE_REPLICA,8,9,9,59,72,0.068,0.639,0.03886,0.9585377777777778,8.704218412698413,8.41,51.07,0,50
DECREASE_CPU,8,8,9,37,47,0.434,0.571,0.12911,0.9408472222222222,9.645065634920636,12.53,49.0,0,50
INCREASE_REPLICA,9,8,9,52,65,0.157,0.588,0.06709,0.9579591666666667,10.603024801587303,10.61,50.86,0,50
INCREASE_HEAP,9,8,9,,,,,,-1,9.603024801587303,,,,
INCREASE_CPU,9,9,9,51,62,0.231,0.559,0.08704,0.9793488888888889,10.582373690476192,11.54,51.97,0,50
INCREASE_REPLICA,9,9,9,,,,,,-1,9.582373690476192,,,,
INCREASE_REPLICA,9,9,9,,,,,,-1,8.582373690476192,,,,
INCREASE_CPU,9,9,9,,,,,,-1,7.582373690476192,,,,
INCREASE_CPU,9,9,9,,,,,,-1,6.582373690476192,,,,
DECREASE_HEAP,9,9,8,50,62,0.23,0.545,0.08622,0.9787002777777779,7.56107396825397,11.78,51.77,0,50
DECREASE_REPLICA,8,9,8,55,67,0.229,0.558,0.07683,0.9524572222222223,8.513531190476192,9.88,50.27,0,50
DECREASE_HEAP,8,9,7,59,72,0.193,0.534,0.06691,0.9683050793650794,9.48183626984127,11.41,51.08,0,50
INCREASE_HEAP,8,9,8,57,69,0.264,0.562,0.08581,0.9557316666666666,10.437567936507937,11.61,50.33,0,50
DECREASE_HEAP,8,9,7,57,70,0.246,0.541,0.08055,0.9595095238095238,11.397077460317462,11.15,50.4,0,50
INCREASE_CPU,8,9,7,,,,,,-1,10.397077460317462,,,,
DECREASE_REPLICA,7,9,7,62,76,0.237,0.554,0.06887,0.9611980952380953,11.358275555555558,9.37,50.47,0,50
DECREASE_CPU,7,8,7,64,79,0.244,0.555,0.07045,0.9620928571428571,12.320368412698414,11.18,50.4,0,50
DECREASE_CPU,7,7,7,64,79,0.17,0.545,0.05378,0.9683514285714286,13.288719841269844,11.73,50.96,0,50
DECREASE_REPLICA,6,7,7,68,83,0.153,0.556,0.04315,0.9326428571428571,14.221362698412701,9.9,49.0,0,50
DECREASE_CPU,6,6,7,55,68,0.307,0.551,0.07223,0.9116604761904762,15.133023174603178,12.71,47.04,0,50
DECREASE_REPLICA,5,6,7,77,95,0.279,0.561,0.05598,0.9345214285714285,16.067544603174607,10.46,48.4,0,50
DO_NOTHING,5,6,7,77,95,0.164,0.561,0.03781,0.9272780952380952,16.9948226984127,10.47,48.53,0,50
INCREASE_HEAP,5,6,8,68,85,0.337,0.583,0.06562,0.9531808333333335,17.948003531746036,11.22,49.37,0,50
INCREASE_CPU,5,7,8,80,100,0.273,0.575,0.05533,0.9689375,18.916941031746035,10.37,50.75,0,50
INCREASE_HEAP,5,7,9,81,101,0.261,0.586,0.05367,0.9499384126984127,19.866879444444447,10.71,49.93,0,50
INCREASE_CPU,5,8,9,88,108,0.274,0.583,0.05566,0.9639138888888888,20.830793333333336,10.58,50.8,0,50
DECREASE_REPLICA,4,8,9,96,119,0.275,0.584,0.04467,0.9483719444444445,21.779165277777782,9.18,49.93,0,50
DO_NOTHING,4,8,9,105,130,0.155,0.588,0.02956,0.9479341666666667,22.72709944444445,9.82,50.31,0,50
INCREASE_REPLICA,5,8,9,93,115,0.226,0.607,0.04858,0.9599072222222222,23.68700666666667,10.06,50.67,0,50
DECREASE_REPLICA,4,8,9,96,120,0.123,0.621,0.02608,0.9013275000000001,24.58833416666667,9.97,47.73,0,50
INCREASE_CPU,4,9,9,113,138,0.24,0.588,0.04031,0.9771399999999999,25.565474166666668,9.67,51.73,0,50
INCREASE_HEAP,4,9,9,,,,,,-1,24.565474166666668,,,,
DECREASE_REPLICA,3,9,9,123,152,0.224,0.586,0.02869,0.9005399999999999,25.466014166666668,10.0,47.53,0,50
DO_NOTHING,3,9,9,123,152,0.168,0.586,0.02338,0.9370288888888889,26.403043055555557,8.68,49.73,0,50
DO_NOTHING,3,9,9,146,181,0.168,0.621,0.02383,0.9512133333333332,27.35425638888889,8.36,50.41,0,50
INCREASE_REPLICA,4,9,9,113,140,0.14,0.65,0.02872,0.965488888888889,28.319745277777777,9.05,51.2,0,50
INCREASE_CPU,4,9,9,,,,,,-1,27.319745277777777,,,,
INCREASE_HEAP,4,9,9,,,,,,-1,26.319745277777777,,,,
INCREASE_HEAP,4,9,9,,,,,,-1,25.319745277777777,,,,
INCREASE_HEAP,4,9,9,,,,,,-1,24.319745277777777,,,,
INCREASE_REPLICA,5,9,9,91,113,0.171,0.648,0.04076,0.98402,25.303765277777778,8.65,52.14,0,50
DECREASE_REPLICA,4,9,9,99,122,0.094,0.677,0.02336,0.9440933333333333,26.247858611111113,7.93,50.07,0,50
DO_NOTHING,4,9,9,99,122,0.088,0.677,0.0226,0.9473600000000001,27.195218611111112,7.66,50.27,0,50
DECREASE_HEAP,4,9,8,101,124,0.273,0.575,0.04426,0.9570441666666666,28.15226277777778,9.82,50.33,0,50
INCREASE_REPLICA,5,9,8,94,116,0.224,0.587,0.04784,1.0013319444444444,29.153594722222223,9.03,52.9,0,50
INCREASE_HEAP,5,9,9,89,111,0.248,0.574,0.05136,0.9598866666666667,30.11348138888889,10.4,50.79,0,50
INCREASE_REPLICA,6,9,9,76,95,0.2,0.601,0.05321,0.9615999999999999,31.07508138888889,9.96,50.95,0,50
DO_NOTHING,6,9,9,77,95,0.2,0.607,0.05336,0.9603133333333334,32.03539472222222,8.93,50.86,0,50
DECREASE_REPLICA,5,9,9,83,104,0.121,0.614,0.03213,0.9534333333333334,32.98882805555556,8.99,50.7,0,50
DECREASE_REPLICA,4,9,9,106,132,0.096,0.621,0.02266,0.9518933333333334,33.94072138888889,8.29,50.67,0,50
INCREASE_CPU,4,9,9,,,,,,-1,32.94072138888889,,,,
DECREASE_CPU,4,8,9,82,101,0.446,0.575,0.06614,0.9418194444444444,33.88254083333333,10.82,49.0,0,50
INCREASE_CPU,4,9,9,118,146,0.495,0.605,0.05463,0.9564311111111111,34.83897194444444,11.7,49.74,0,50
INCREASE_REPLICA,5,9,9,86,106,0.273,0.606,0.05599,0.9760133333333333,35.81498527777777,10.07,51.51,0,50
INCREASE_REPLICA,6,9,9,76,94,0.21,0.62,0.05559,0.981211111111111,36.79619638888888,9.68,51.95,0,50
DO_NOTHING,6,9,9,77,96,0.21,0.623,0.05567,0.9518577777777778,37.748054166666655,8.88,50.31,0,50
DECREASE_CPU,6,8,9,53,67,0.442,0.563,0.09814,0.9522427777777778,38.70029694444443,11.04,49.63,0,50
INCREASE_HEAP,6,8,9,,,,,,-1,37.70029694444443,,,,
DECREASE_REPLICA,5,8,9,79,98,0.478,0.594,0.08813,0.955675,38.65597194444443,10.08,49.6,0,50
INCREASE_CPU,5,9,9,90,111,0.205,0.6,0.04511,0.9688422222222222,39.62481416666665,9.5,51.34,0,50
DECREASE_HEAP,5,9,8,86,107,0.269,0.57,0.05459,0.9619094444444444,40.5867236111111,10.45,50.63,0,50
INCREASE_REPLICA,6,9,8,76,95,0.2,0.604,0.05329,0.9832411111111111,41.56996472222221,9.75,51.91,0,50
DECREASE_REPLICA,5,9,8,79,99,0.144,0.606,0.0356,0.9507350000000001,42.52069972222221,8.65,50.27,0,50
DECREASE_CPU,5,8,8,91,112,0.231,0.556,0.04829,0.9616075,43.48230722222221,10.36,50.69,0,50
DECREASE_REPLICA,4,8,8,98,121,0.204,0.58,0.03562,0.9405399999999999,44.42284722222221,9.33,49.53,0,50
INCREASE_CPU,4,9,8,113,138,0.235,0.556,0.03914,0.9697655555555555,45.392612777777764,9.85,51.22,0,50
DECREASE_REPLICA,3,9,8,120,149,0.227,0.595,0.02909,0.9366586111111112,46.32927138888888,8.94,49.27,0,50
INCREASE_HEAP,3,9,9,112,138,0.401,0.604,0.04571,0.9659133333333334,47.29518472222221,9.67,50.56,0,50
DECREASE_REPLICA,2,9,9,172,209,0.449,0.609,0.03355,0.9227777777777777,48.217962499999985,10.1,48.0,0,50
DO_NOTHING,2,9,9,172,209,0.253,0.609,0.02116,0.9455488888888889,49.16351138888887,8.62,49.87,0,50
DECREASE_CPU,2,8,9,201,245,0.362,0.594,0.02792,0.949325,50.11283638888887,9.59,49.65,0,50
DECREASE_REPLICA,1,8,9,238,289,0.277,0.635,0.01145,0.9201902777777778,51.03302666666665,8.3,48.2,0,50
DECREASE_CPU,1,7,9,298,346,0.567,0.656,0.0207,0.8844244444444445,0.0,11.53,44.86,0,50
DECREASE_REPLICA,1,7,9,,,,,,-1,-1.0,,,,
INCREASE_HEAP,1,7,9,,,,,,-1,-2.0,,,,
DO_NOTHING,1,7,9,298,346,0.567,0.656,0.0207,0.8640844444444444,-1.1359155555555556,11.16,43.73,0,50
DECREASE_REPLICA,1,7,9,,,,,,-1,-2.1359155555555556,,,,
DECREASE_CPU,1,6,9,19,29,0.6,0.527,0.0212,0.8523777777777778,-1.2835377777777777,12.53,42.95,0,50
DECREASE_REPLICA,1,6,9,,,,,,-1,-2.2835377777777777,,,,
DECREASE_HEAP,1,6,8,145,177,0.594,0.549,0.0211,0.8164124999999999,-1.467125277777778,14.54,40.7,0,50
DECREASE_REPLICA,1,6,8,,,,,,-1,-2.467125277777778,,,,
DECREASE_REPLICA,1,6,8,,,,,,-1,-3.467125277777778,,,,
DECREASE_CPU,1,5,8,12,18,0.498,0.52,0.01795,0.7889799999999999,-2.678145277777778,15.4,39.26,0,50
DECREASE_HEAP,1,5,7,5,6,0.495,0.609,0.01823,0.74694,-1.931205277777778,17.95,36.33,0,50
INCREASE_HEAP,1,5,8,10,15,0.483,0.555,0.01762,0.7110075,-1.220197777777778,19.18,34.89,0,50
DECREASE_HEAP,1,5,7,27,37,0.5,0.542,0.0181,0.6809142857142858,-0.5392834920634921,21.74,32.9,0,50
DECREASE_HEAP,1,5,6,18,26,0.496,0.561,0.01806,0.78809,0.24880650793650783,16.05,38.43,0,50
INCREASE_REPLICA,2,5,6,157,191,0.38,0.616,0.02924,0.7517333333333333,1.0005398412698412,18.64,36.8,0,50
INCREASE_HEAP,2,5,7,98,119,0.425,0.52,0.03128,0.8333028571428571,1.8338426984126983,14.2,41.87,0,50
DECREASE_HEAP,2,5,6,87,108,0.431,0.511,0.03158,0.8609433333333334,2.6947860317460317,13.38,43.07,0,50
INCREASE_HEAP,2,5,7,140,174,0.416,0.572,0.03115,0.8227971428571428,3.5175831746031747,14.6,41.13,0,50
DECREASE_HEAP,2,5,6,123,155,0.339,0.562,0.02619,0.8158533333333333,4.333436507936508,14.82,40.84,0,50
DECREASE_REPLICA,1,5,6,251,295,0.26,0.624,0.01086,0.8735999999999999,5.2070365079365075,10.81,44.2,0,50
INCREASE_CPU,1,6,6,118,159,0.551,0.587,0.0199,0.8661333333333333,6.0731698412698405,12.57,42.85,0,50
DECREASE_REPLICA,1,6,6,,,,,,-1,5.0731698412698405,,,,
INCREASE_REPLICA,2,6,6,182,219,0.385,0.638,0.02975,0.84071,5.91387984126984,14.11,41.97,0,50
INCREASE_HEAP,2,6,7,135,169,0.388,0.55,0.02919,0.9102390476190476,6.824118888888888,11.66,46.59,0,50
DECREASE_HEAP,2,6,6,119,148,0.406,0.556,0.03038,0.8705466666666666,7.694665555555555,12.76,43.91,0,50
DECREASE_HEAP,2,6,5,122,152,0.42,0.554,0.03125,0.90598,8.600645555555555,11.93,45.31,0,50
INCREASE_HEAP,2,6,6,122,151,0.404,0.574,0.03041,0.88754,9.488185555555555,12.64,44.78,0,50
INCREASE_REPLICA,3,6,6,119,146,0.29,0.596,0.03508,0.8793333333333333,10.367518888888888,13.02,44.75,0,50
DECREASE_REPLICA,2,6,6,154,188,0.173,0.661,0.01654,0.93476,11.302278888888889,8.85,48.07,0,50
DECREASE_REPLICA,1,6,6,326,368,0.115,0.671,0.00648,0.9642400000000001,12.26651888888889,7.36,49.93,0,50
INCREASE_REPLICA,2,6,6,184,226,0.267,0.626,0.02218,0.8995366666666667,13.166055555555555,11.54,45.84,0,50
DECREASE_HEAP,2,6,5,134,166,0.415,0.529,0.03072,0.8820033333333334,14.048058888888889,12.9,44.14,0,50
DECREASE_REPLICA,1,6,5,252,295,0.283,0.596,0.01147,0.9315233333333333,14.979582222222222,9.2,47.13,0,50
INCREASE_HEAP,1,6,6,151,196,0.55,0.522,0.0196,0.8662133333333333,15.845795555555554,12.38,43.16,0,50
DO_NOTHING,1,6,6,325,397,0.55,0.581,0.01985,0.88769,16.733485555555554,11.35,44.08,0,50
DO_NOTHING,1,6,6,325,397,0.55,0.581,0.01985,0.91991,17.653395555555555,9.62,45.87,0,50
INCREASE_HEAP,1,6,7,223,271,0.532,0.621,0.01945,0.8326304761904763,18.486026031746032,14.03,41.33,0,50
INCREASE_REPLICA,2,6,7,186,218,0.358,0.607,0.02778,0.8745504761904761,19.360576507936507,12.63,44.52,0,50
DECREASE_REPLICA,1,6,7,299,337,0.177,0.707,0.00859,0.92439,20.284966507936506,8.5,47.73,0,50
INCREASE_HEAP,1,6,8,140,182,0.561,0.554,0.02008,0.866715,21.151681507936505,12.08,43.63,0,50
DECREASE_HEAP,1,6,7,97,123,0.566,0.579,0.02035,0.8544238095238095,22.006105317460314,13.28,42.55,0,50
INCREASE_REPLICA,2,6,7,173,204,0.399,0.606,0.03036,0.8280357142857142,22.83414103174603,14.31,41.75,0,50
INCREASE_HEAP,2,6,8,129,163,0.373,0.575,0.02845,0.8637008333333334,23.69784186507936,12.77,44.26,0,50
DECREASE_CPU,2,5,8,92,113,0.412,0.595,0.03109,0.8511275,24.548969365079362,13.31,42.93,0,50
INCREASE_REPLICA,3,5,8,118,145,0.294,0.597,0.03547,0.7499925,25.298961865079363,18.15,37.96,0,50
DECREASE_REPLICA,2,5,8,141,173,0.192,0.671,0.01782,0.8903975,26.189359365079362,10.16,46.07,0,50
DECREASE_CPU,2,4,8,105,136,0.371,0.648,0.02895,0.748915,26.938274365079362,18.33,36.78,0,50
DECREASE_REPLICA,1,4,8,302,349,0.203,0.719,0.00946,0.8389125,27.77718686507936,12.14,42.7,0,50
DECREASE_REPLICA,1,4,8,,,,,,-1,26.77718686507936,,,,
INCREASE_HEAP,1,4,9,37,55,0.399,0.661,0.01541,0.6309172222222222,27.408104087301584,24.66,30.24,0,50
DECREASE_REPLICA,1,4,9,,,,,,-1,26.408104087301584,,,,
DO_NOTHING,1,4,9,37,55,0.399,0.661,0.01541,0.6901372222222222,27.098241309523807,19.89,33.53,0,50
INCREASE_CPU,1,5,9,3,4,0.483,0.549,0.01759,0.698,27.796241309523808,19.97,34.4,0,50
INCREASE_REPLICA,2,5,9,174,203,0.422,0.636,0.03207,0.7568533333333334,28.55309464285714,18.19,37.74,0,50
INCREASE_CPU,2,6,9,140,173,0.389,0.585,0.02955,0.8864366666666665,29.439531309523808,11.78,45.64,0,50
DECREASE_REPLICA,1,6,9,271,318,0.281,0.648,0.01163,0.8789566666666666,30.318487976190475,10.1,45.53,0,50
INCREASE_HEAP,1,6,9,,,,,,-1,29.318487976190475,,,,
DO_NOTHING,1,6,9,271,318,0.255,0.648,0.01081,0.94645,30.264937976190474,7.73,49.4,0,50
DECREASE_HEAP,1,6,8,53,74,0.595,0.583,0.02128,0.8474208333333333,31.11235880952381,12.99,42.3,0,50
INCREASE_HEAP,1,6,9,91,114,0.555,0.56,0.01992,0.8216611111111111,31.93401992063492,14.04,41.35,0,50
DECREASE_HEAP,1,6,8,65,89,0.577,0.548,0.02056,0.8341933333333333,32.768213253968256,13.6,41.77,0,50
INCREASE_REPLICA,2,6,8,165,201,0.38,0.632,0.02938,0.8286066666666667,33.59681992063492,14.08,42.08,0,50
DECREASE_REPLICA,1,6,8,242,297,0.234,0.721,0.01045,0.9465625,34.54338242063492,7.64,49.0,0,50
DO_NOTHING,1,6,8,242,297,0.158,0.721,0.00805,0.9641691666666666,35.507551587301585,7.12,50.33,0,50
INCREASE_REPLICA,2,6,8,177,209,0.362,0.678,0.02863,0.8206216666666667,36.32817325396825,14.57,41.56,0,50
DO_NOTHING,2,6,8,197,241,0.362,0.691,0.02874,0.9279941666666667,37.25616742063492,9.96,47.48,0,50
DECREASE_REPLICA,1,6,8,310,368,0.087,0.744,0.0059,0.9654499999999999,38.221617420634914,6.93,50.65,0,50
INCREASE_REPLICA,2,6,8,191,221,0.352,0.612,0.02744,0.6916433333333334,38.913260753968245,20.12,34.67,0,50
INCREASE_REPLICA,3,6,8,120,146,0.294,0.671,0.03641,0.8706775,39.783938253968245,12.93,44.68,0,50
DECREASE_REPLICA,2,6,8,157,194,0.161,0.712,0.01621,0.9483766666666665,40.73231492063491,7.89,49.47,0,50
DECREASE_REPLICA,1,6,8,277,330,0.07,0.749,0.00539,0.9539058333333333,41.68622075396824,7.0,50.07,0,50
INCREASE_HEAP,1,6,9,194,236,0.535,0.635,0.0196,0.8155211111111111,42.50174186507935,14.58,40.87,0,50
INCREASE_REPLICA,2,6,9,168,193,0.375,0.675,0.02943,0.79883,43.300571865079355,14.93,40.56,0,50
INCREASE_CPU,2,7,9,159,197,0.405,0.587,0.03058,0.8873796825396826,44.187951547619036,11.76,45.88,0,50
DECREASE_REPLICA,1,7,9,247,289,0.299,0.679,0.01233,0.9315393650793651,45.1194909126984,8.76,48.47,0,50
DECREASE_HEAP,1,7,8,193,244,0.554,0.558,0.01988,0.8538464285714286,45.97333734126983,12.58,43.3,0,50
INCREASE_HEAP,1,7,9,165,197,0.62,0.629,0.02226,0.8485501587301587,46.82188749999999,13.18,42.74,0,50
INCREASE_REPLICA,2,7,9,187,216,0.39,0.659,0.03024,0.8967882539682539,47.71867575396824,11.76,46.24,0,50
DECREASE_REPLICA,1,7,9,292,330,0.194,0.757,0.00934,0.9510526984126985,48.66972845238094,7.5,49.73,0,50
INCREASE_HEAP,1,7,9,,,,,,-1,47.66972845238094,,,,
DECREASE_REPLICA,1,7,9,,,,,,-1,46.66972845238094,,,,
INCREASE_REPLICA,2,7,9,198,235,0.334,0.697,0.02702,0.8804993650793651,47.5502278174603,11.75,45.44,0,50
INCREASE_REPLICA,3,7,9,127,155,0.276,0.708,0.03517,0.913147619047619,48.463375436507924,11.07,47.45,0,50
DO_NOTHING,3,7,9,151,186,0.276,0.737,0.03554,0.9239387301587302,49.387314166666656,9.91,47.96,0,50
DECREASE_HEAP,3,7,8,109,134,0.333,0.559,0.03868,0.9205632142857143,50.30787738095237,10.9,47.88,0,50
INCREASE_REPLICA,4,7,8,106,131,0.258,0.595,0.04271,0.9334760714285715,51.24135345238094,11.01,48.77,0,50
DECREASE_CPU,4,6,8,75,92,0.36,0.569,0.05516,0.9137225,52.15507595238094,12.15,47.12,0,50
DECREASE_HEAP,4,6,7,79,97,0.359,0.554,0.05478,0.9115280952380953,53.06660404761904,12.69,46.78,0,50
DECREASE_REPLICA,3,6,7,110,138,0.399,0.575,0.04515,0.8891814285714286,53.955785476190464,11.71,45.27,0,50
DECREASE_REPLICA,2,6,7,171,209,0.196,0.571,0.01723,0.9090590476190477,54.86484452380951,9.98,47.33,0,50
DO_NOTHING,2,6,7,171,209,0.196,0.571,0.01723,0.8635190476190476,55.72836357142856,11.31,44.8,0,50
DECREASE_HEAP,2,6,6,138,173,0.397,0.56,0.02984,0.89191,56.62027357142856,12.45,45.12,0,50
DO_NOTHING,2,6,6,182,225,0.397,0.572,0.02995,0.91181,57.532083571428565,10.82,46.17,0,50
INCREASE_REPLICA,3,6,6,121,151,0.217,0.616,0.02841,0.8912966666666667,58.423380238095234,11.86,45.66,0,50
INCREASE_REPLICA,4,6,6,107,133,0.208,0.603,0.03652,0.9090833333333334,59.33246357142857,11.42,46.75,0,50
DECREASE_REPLICA,3,6,6,115,143,0.111,0.641,0.01867,0.9542066666666666,60.28667023809523,8.22,49.53,0,50
INCREASE_CPU,3,7,6,132,161,0.258,0.556,0.03153,0.9316419047619048,61.21831214285714,10.89,48.16,0,50
DECREASE_REPLICA,2,7,6,149,184,0.215,0.587,0.01857,0.9187338095238096,62.137045952380944,9.57,47.47,0,50
INCREASE_HEAP,2,7,7,162,198,0.393,0.612,0.03003,0.9311057142857142,63.06815166666666,11.54,47.74,0,50
INCREASE_REPLICA,3,7,7,133,161,0.305,0.637,0.03702,0.9289457142857144,63.997097380952376,10.81,47.87,0,50
INCREASE_REPLICA,4,7,7,112,138,0.202,0.624,0.03612,0.9440600000000001,64.94115738095238,10.34,49.17,0,50
DECREASE_REPLICA,3,7,7,117,146,0.109,0.667,0.01882,0.9386885714285714,65.87984595238095,8.57,49.07,0,50
INCREASE_HEAP,3,7,8,133,166,0.25,0.587,0.03117,0.9270046428571429,66.80685059523809,10.42,48.47,0,50
DECREASE_CPU,3,6,8,97,120,0.335,0.598,0.03937,0.9042716666666667,67.71112226190476,11.82,46.61,0,50
DECREASE_HEAP,3,6,7,104,129,0.311,0.54,0.03636,0.8773680952380953,68.58849035714286,12.75,45.16,0,50
DECREASE_REPLICA,2,6,7,154,188,0.341,0.573,0.02641,0.888885238095238,69.4773755952381,11.33,45.53,0,50
INCREASE_REPLICA,3,6,7,136,164,0.25,0.605,0.0314,0.8778276190476191,70.35520321428572,12.22,45.21,0,50
INCREASE_REPLICA,4,6,7,107,133,0.211,0.597,0.0368,0.8842661904761905,71.23946940476192,11.93,45.78,0,50
DECREASE_REPLICA,3,6,7,114,142,0.113,0.635,0.01879,0.9416338095238096,72.18110321428573,8.39,49.27,0,50
INCREASE_REPLICA,4,6,7,111,137,0.175,0.64,0.03297,0.928077619047619,73.10918083333334,10.52,48.21,0,50
DECREASE_REPLICA,3,6,7,117,145,0.078,0.664,0.01584,0.9515885714285715,74.06076940476191,7.82,49.87,0,50
DECREASE_REPLICA,2,6,7,186,219,0.078,0.677,0.01067,0.9368571428571428,74.99762654761906,8.57,49.0,0,50
DECREASE_HEAP,2,6,6,179,222,0.315,0.534,0.02444,0.88669,75.88431654761906,11.79,45.33,0,50
DECREASE_REPLICA,1,6,6,236,291,0.236,0.558,0.00982,0.8725666666666667,76.75688321428574,10.16,44.8,0,50
DO_NOTHING,1,6,6,236,291,0.227,0.558,0.00954,0.9317566666666667,77.68863988095241,8.25,48.13,0,50
DECREASE_REPLICA,1,6,6,,,,,,-1,76.68863988095241,,,,
INCREASE_REPLICA,2,6,6,201,236,0.356,0.585,0.02746,0.8311766666666668,77.51981654761907,14.36,41.82,0,50
INCREASE_REPLICA,3,6,6,122,150,0.276,0.589,0.03366,0.8687633333333333,78.3885798809524,13.51,44.26,0,50
INCREASE_REPLICA,4,6,6,102,128,0.23,0.598,0.03922,0.9022199999999999,79.2907998809524,11.89,46.29,0,50
DO_NOTHING,4,6,6,110,135,0.23,0.614,0.03949,0.9485533333333334,80.23935321428574,9.65,48.79,0,50
INCREASE_REPLICA,5,6,6,88,110,0.13,0.603,0.03332,0.9540633333333333,81.19341654761908,9.5,49.61,0,50
DECREASE_REPLICA,4,6,6,96,119,0.092,0.642,0.02251,0.9347066666666667,82.12812321428575,9.05,48.53,0,50
INCREASE_REPLICA,5,6,6,91,113,0.141,0.628,0.03559,0.9691233333333333,83.09724654761908,9.2,50.28,0,50
INCREASE_REPLICA,6,6,6,72,90,0.14,0.61,0.04206,0.9547599999999999,84.05200654761907,9.94,49.57,0,50
DECREASE_CPU,6,5,6,43,54,0.372,0.515,0.08365,0.8589766666666666,84.91098321428574,14.61,43.27,0,50
DECREASE_REPLICA,5,5,6,72,88,0.347,0.56,0.06671,0.9297066666666667,85.8406898809524,11.11,47.13,0,50
INCREASE_REPLICA,6,5,6,68,86,0.173,0.576,0.04746,0.8661200000000001,86.70680988095239,13.45,44.49,0,50
