replica,cpu,heap,previous_tps,instant_tps
2,4,8,0.0,34.4
1,4,8,34.4,47.53
2,4,8,47.53,18.36
1,4,8,18.36,44.94
1,5,8,44.94,32.1
1,5,9,32.1,36.8
2,5,9,36.8,32.62
2,4,9,32.62,33.53
2,5,9,33.53,40.53
2,4,9,40.53,31.66
2,4,9,31.66,35.47
1,4,9,35.47,45.4
1,4,8,45.4,27.88
1,4,7,27.88,27.06
1,4,6,27.06,28.6
1,5,6,28.6,33.34
1,5,6,28.6,33.34
1,5,5,33.34,38.66
2,5,5,38.66,28.1
1,5,5,28.1,47.66
1,4,5,47.66,20.27
1,4,5,20.27,31.27
1,4,6,31.27,30.47
1,4,7,30.47,20.95
1,4,7,30.47,20.95
1,4,8,20.95,28.52
1,4,8,28.52,35.66
1,4,8,28.52,35.66
1,4,8,28.52,35.66
1,4,8,28.52,35.66
1,4,7,35.66,20.06
1,4,7,20.06,30.88
1,4,7,30.88,31.27
1,4,7,30.88,31.27
1,4,6,31.27,26.9
1,4,5,26.9,20.0
1,4,6,20.0,26.4
2,4,6,26.4,23.3
2,4,5,23.3,32.2
1,4,5,32.2,40.66
2,4,5,40.66,25.42
2,5,5,25.42,41.94
2,5,5,41.94,37.84
2,5,6,37.84,41.97
3,5,6,41.97,35.03
3,4,6,35.03,35.72
2,4,6,35.72,42.53
2,4,5,42.53,33.28
3,4,5,33.28,30.19
2,4,5,30.19,44.34
2,4,5,44.34,44.0
2,4,5,44.0,47.3
2,5,5,47.3,40.38
2,6,5,40.38,45.2
2,7,5,45.2,45.1
3,7,5,45.1,46.88
3,7,6,46.88,47.3
2,7,6,47.3,47.12
2,6,6,47.12,44.75
3,6,6,44.75,42.34
3,6,5,42.34,44.38
3,5,5,44.38,41.1
3,6,5,41.1,43.94
3,6,5,43.94,46.28
4,6,5,46.28,45.6
4,6,6,45.6,45.28
4,7,6,45.28,47.38
4,7,5,47.38,48.3
4,6,5,48.3,45.3
4,6,4,45.3,45.97
4,6,4,45.3,45.97
4,6,4,45.97,44.84
3,6,4,44.84,45.06
2,6,4,45.06,47.28
2,6,4,45.06,47.28
2,6,4,45.06,47.28
2,6,4,47.28,45.28
2,6,5,45.28,44.97
2,5,5,44.97,42.66
1,5,5,42.66,39.66
1,4,5,39.66,18.33
1,5,5,18.33,32.53
1,5,6,32.53,34.06
1,4,6,34.06,25.12
1,4,6,34.06,25.12
2,4,6,25.12,24.84
3,4,6,24.84,23.16
2,4,6,23.16,46.06
3,4,6,46.06,25.83
3,4,5,25.83,37.94
2,4,5,37.94,41.4
2,4,6,41.4,35.0
2,4,6,41.4,35.0
2,4,7,35.0,35.25
2,4,8,35.25,32.25
2,4,9,32.25,35.25
2,4,9,32.25,35.25
2,4,8,35.25,36.25
2,4,9,36.25,33.1
2,4,9,36.25,33.1
1,4,9,33.1,43.88
1,4,9,33.1,43.88
2,4,9,43.88,30.31
2,5,9,30.31,41.88
2,5,9,41.88,40.88
2,4,9,40.88,34.03
2,4,9,34.03,35.72
2,5,9,35.72,41.53
2,4,9,41.53,28.33
1,4,9,28.33,40.22
1,4,9,28.33,40.22
1,4,9,28.33,40.22
1,4,9,28.33,40.22
1,4,9,28.33,40.22
1,5,9,40.22,37.3
1,4,9,37.3,29.2
1,4,9,37.3,29.2
1,5,9,29.2,36.12
1,5,9,36.12,37.4
1,5,8,37.4,32.4
1,6,8,32.4,41.7
1,6,8,41.7,41.44
1,6,8,41.7,41.44
2,6,8,41.44,39.06
2,6,7,39.06,41.9
2,6,8,41.9,44.34
2,6,8,44.34,43.9
2,6,8,43.9,45.34
2,6,7,45.34,43.56
2,7,7,43.56,45.5
2,7,7,45.5,47.72
3,7,7,47.72,46.84
4,7,7,46.84,47.1
4,7,7,47.1,49.03
4,6,7,49.03,46.0
4,6,8,46.0,44.62
4,5,8,44.62,41.44
5,5,8,41.44,43.06
5,5,9,43.06,46.4
5,6,9,46.4,48.12
4,6,9,48.12,46.0
4,6,9,46.0,45.8
3,6,9,45.8,43.6
3,7,9,43.6,46.66
3,6,9,46.66,43.16
2,6,9,43.16,46.66
3,6,9,46.66,42.62
3,7,9,42.62,48.12
2,7,9,48.12,47.88
2,7,8,47.88,45.1
2,7,8,45.1,45.16
2,7,8,45.16,47.53
2,7,7,47.53,46.0
2,7,7,46.0,48.12
3,7,7,48.12,45.75
3,7,6,45.75,47.75
3,7,6,47.75,48.4
3,6,6,48.4,45.44
2,6,6,45.44,47.28
2,6,7,47.28,43.88
2,6,6,43.88,45.97
2,5,6,45.97,40.88
3,5,6,40.88,34.28
4,5,6,34.28,42.38
4,5,5,42.38,45.28
3,5,5,45.28,40.66
3,5,5,40.66,39.06
2,5,5,39.06,46.4
2,5,6,46.4,40.62
2,6,6,40.62,44.72
3,6,6,44.72,43.88
4,6,6,43.88,46.3
4,7,6,46.3,46.38
4,7,6,46.38,49.12
4,7,5,49.12,47.8
4,6,5,47.8,45.22
4,7,5,45.22,47.1
5,7,5,47.1,50.75
6,7,5,50.75,50.03
6,7,4,50.03,48.1
6,7,4,48.1,49.28
6,7,4,48.1,49.28
5,7,4,49.28,51.47
5,7,4,49.28,51.47
4,7,4,51.47,48.16
4,7,4,48.16,48.53
5,7,4,48.53,49.53
5,7,5,49.53,49.8
5,7,4,49.8,49.75
6,7,4,49.75,49.06
5,7,4,49.06,49.94
5,6,4,49.94,49.34
5,6,5,49.34,48.66
5,6,5,48.66,48.94
6,6,5,48.94,46.53
6,5,5,46.53,44.25
6,5,5,44.25,46.03
6,5,4,46.03,43.3
6,5,5,43.3,42.66
6,5,4,42.66,44.4
5,5,4,44.4,47.88
5,4,4,47.88,38.6
5,4,4,38.6,40.2
5,5,4,40.2,45.47
5,4,4,45.47,37.6
5,4,5,37.6,40.16
5,5,5,40.16,47.1
5,6,5,47.1,48.7
5,5,5,48.7,44.6
5,5,5,44.6,47.56
5,6,5,47.56,48.7
6,6,5,48.7,46.5
6,6,6,46.5,46.5
6,6,5,46.5,46.16
6,6,5,46.5,46.16
5,6,5,46.16,49.28
6,6,5,49.28,49.1
6,6,6,49.1,46.47
6,6,6,46.47,47.9
6,6,7,47.9,47.97
5,6,7,47.97,49.12
5,5,7,49.12,43.75
5,4,7,43.75,38.2
5,4,7,38.2,45.7
5,4,8,45.7,41.6
6,4,8,41.6,37.0
6,4,8,41.6,37.0
6,4,9,37.0,36.56
6,4,9,37.0,36.56
5,4,9,36.56,44.2
5,4,9,36.56,44.2
5,4,9,44.2,45.53
5,4,9,44.2,45.53
5,5,9,45.53,46.44
5,4,9,46.44,44.0
6,4,9,44.0,37.94
6,4,9,44.0,37.94
6,4,9,37.94,42.2
6,4,9,42.2,42.4
6,4,9,42.2,42.4
6,4,9,42.2,42.4
6,4,8,42.4,36.62
6,4,8,42.4,36.62
6,4,8,42.4,36.62
6,4,8,42.4,36.62
6,4,8,42.4,36.62
6,4,8,36.62,41.84
6,4,9,41.84,38.2
6,4,9,41.84,38.2
6,4,8,38.2,34.78
6,4,8,38.2,34.78
6,5,8,34.78,43.03
6,4,8,43.03,36.03
6,4,8,43.03,36.03
6,4,7,36.03,37.0
6,4,6,37.0,35.9
6,4,5,35.9,36.72
6,4,6,36.72,36.2
6,4,6,36.72,36.2
6,4,6,36.72,36.2
5,4,6,36.2,46.2
4,4,6,46.2,42.0
4,4,6,46.2,42.0
4,4,6,46.2,42.0
4,4,6,42.0,45.72
4,4,6,42.0,45.72
4,5,6,45.72,43.2
4,4,6,43.2,36.88
3,4,6,36.88,35.72
3,4,6,36.88,35.72
3,4,6,35.72,40.28
4,4,6,40.28,25.4
4,4,5,25.4,40.2
5,4,5,40.2,41.47
5,4,5,41.47,46.56
6,4,5,46.56,42.16
5,4,5,42.16,48.2
5,5,5,48.2,45.12
5,5,6,45.12,47.38
5,6,6,47.38,49.12
5,6,7,49.12,49.75
5,5,7,49.75,46.3
5,5,8,46.3,47.3
5,5,8,47.3,45.94
6,5,8,45.94,42.38
6,5,7,42.38,42.75
6,5,6,42.75,44.5
5,5,6,44.5,48.12
5,5,7,48.12,45.28
5,6,7,45.28,48.22
5,6,7,48.22,49.56
5,5,7,49.56,47.03
6,5,7,47.03,41.4
6,5,8,41.4,47.7
6,5,9,47.7,44.22
6,5,9,47.7,44.22
6,6,9,44.22,46.1
6,6,8,46.1,47.1
5,6,8,47.1,49.06
5,6,8,49.06,50.47
5,5,8,50.47,46.47
6,5,8,46.47,44.62
6,6,8,44.62,47.47
5,6,8,47.47,48.53
5,6,7,48.53,49.84
5,6,7,49.84,48.97
6,6,7,48.97,47.6
6,5,7,47.6,40.94
5,5,7,40.94,48.88
4,5,7,48.88,43.12
4,5,6,43.12,43.38
3,5,6,43.38,41.94
3,5,7,41.94,42.0
2,5,7,42.0,46.0
2,5,7,46.0,45.06
2,6,7,45.06,46.25
2,6,7,46.25,43.84
2,6,7,43.84,41.8
1,6,7,41.8,50.06
2,6,7,50.06,45.53
2,7,7,45.53,46.4
2,8,7,46.4,47.5
2,8,7,47.5,48.12
2,8,7,48.12,48.2
2,8,8,48.2,46.94
1,8,8,46.94,45.06
2,8,8,45.06,47.34
1,8,8,47.34,49.8
1,8,8,47.34,49.8
1,7,8,49.8,43.38
1,7,7,43.38,43.47
1,6,7,43.47,40.03
1,7,7,40.03,42.8
1,7,7,40.03,42.8
2,7,7,42.8,46.12
2,8,7,46.12,47.53
2,7,7,47.53,47.25
3,7,7,47.25,46.9
4,7,7,46.9,48.22
5,7,7,48.22,50.6
5,8,7,50.6,49.75
5,9,7,49.75,50.78
4,9,7,50.78,49.47
3,9,7,49.47,49.28
3,9,8,49.28,49.75
3,9,8,49.28,49.75
3,9,7,49.75,50.1
2,9,7,50.1,48.8
2,9,8,48.8,49.53
2,9,7,49.53,49.84
3,9,7,49.84,49.66
2,9,7,49.66,50.0
2,9,6,50.0,49.78
3,9,6,49.78,49.88
3,8,6,49.88,48.8
3,8,5,48.8,48.8
3,7,5,48.8,47.8
3,8,5,47.8,49.1
3,8,6,49.1,49.62
3,8,6,49.62,50.12
3,8,7,50.12,49.66
4,8,7,49.66,49.4
3,8,7,49.4,48.72
2,8,7,48.72,50.12
3,8,7,50.12,50.0
3,8,7,50.0,50.12
3,8,6,50.12,49.34
3,9,6,49.34,49.25
4,9,6,49.25,50.56
4,9,6,49.25,50.56
4,8,6,50.56,49.34
4,8,7,49.34,48.62
4,8,8,48.62,48.75
4,9,8,48.75,50.03
4,9,7,50.03,49.78
4,9,6,49.78,50.0
4,9,7,50.0,50.22
4,9,7,50.22,50.22
4,9,7,50.22,50.06
4,9,7,50.06,47.8
4,9,6,47.8,50.12
4,9,6,50.12,49.94
4,9,6,50.12,49.94
4,9,7,49.94,49.84
4,9,8,49.84,49.88
3,9,8,49.88,50.06
2,9,8,50.06,50.0
2,8,8,50.0,48.03
1,8,8,48.03,47.8
1,8,8,47.8,48.28
1,7,8,48.28,44.84
1,8,8,44.84,46.84
1,7,8,46.84,43.8
1,7,8,46.84,43.8
1,7,9,43.8,43.62
2,7,9,43.62,45.38
2,8,9,45.38,47.88
2,7,9,47.88,45.72
2,6,9,45.72,43.78
2,6,9,43.78,47.53
2,5,9,47.53,41.56
1,5,9,41.56,45.66
1,5,8,45.66,38.3
1,5,9,38.3,35.8
1,5,9,38.3,35.8
1,5,9,38.3,35.8
1,5,9,35.8,38.66
1,5,9,35.8,38.66
1,6,9,38.66,41.25
1,6,9,41.25,41.94
1,6,9,41.25,41.94
1,6,9,41.94,43.88
1,5,9,43.88,36.66
1,5,9,43.88,36.66
1,5,9,36.66,35.2
1,5,9,35.2,38.28
1,6,9,38.28,42.97
1,6,9,38.28,42.97
1,6,8,42.97,40.88
1,6,9,40.88,39.62
1,6,8,39.62,39.78
1,7,8,39.78,44.6
1,7,9,44.6,43.9
1,7,9,43.9,43.66
2,7,9,43.66,45.53
2,8,9,45.53,48.7
1,8,9,48.7,47.53
1,7,9,47.53,44.5
1,7,9,47.53,44.5
1,7,9,44.5,45.94
1,7,9,44.5,45.94
1,6,9,45.94,39.06
1,7,9,39.06,43.6
1,8,9,43.6,45.16
1,8,8,45.16,44.8
1,8,7,44.8,44.66
1,7,7,44.66,43.94
1,8,7,43.94,43.9
1,8,7,43.94,43.9
1,8,6,43.9,43.78
2,8,6,43.78,46.88
2,8,7,46.88,47.94
2,7,7,47.94,46.12
2,7,7,46.12,45.94
1,7,7,45.94,48.0
2,7,7,48.0,44.03
2,8,7,44.03,47.9
2,8,7,47.9,46.75
2,8,7,46.75,49.0
1,8,7,49.0,50.1
1,8,7,50.1,49.72
1,7,7,49.72,44.1
1,7,8,44.1,44.8
1,7,8,44.8,43.94
1,6,8,43.94,41.62
1,6,9,41.62,37.34
2,6,9,37.34,42.47
1,6,9,42.47,46.88
1,6,9,42.47,46.88
1,6,9,42.47,46.88
1,6,8,46.88,39.78
1,6,8,39.78,34.34
2,6,8,34.34,41.03
2,6,8,41.03,45.28
2,6,7,45.28,43.53
2,5,7,43.53,43.0
2,4,7,43.0,32.28
3,4,7,32.28,26.0
3,4,7,26.0,32.47
2,4,7,32.47,46.66
2,4,7,32.47,46.66
3,4,7,46.66,29.6
3,4,8,29.6,34.34
3,4,8,34.34,37.75
3,4,8,37.75,36.2
3,4,7,36.2,35.2
3,5,7,35.2,37.53
3,5,6,37.53,42.34
3,5,7,42.34,39.75
2,5,7,39.75,44.47
2,6,7,44.47,43.78
2,6,7,43.78,45.56
2,6,7,45.56,42.06
2,5,7,42.06,42.72
2,5,8,42.72,39.2
2,5,8,39.2,41.28
2,5,7,41.28,42.0
2,6,7,42.0,46.1
2,5,7,46.1,40.72
2,4,7,40.72,32.44
2,5,7,32.44,41.56
3,5,7,41.56,39.72
2,5,7,39.72,48.8
2,5,7,48.8,49.4
2,5,7,49.4,48.66
2,6,7,48.66,44.66
2,6,7,44.66,44.4
1,6,7,44.4,43.4
1,6,6,43.4,41.75
2,6,6,41.75,40.22
3,6,6,40.22,43.5
3,6,5,43.5,44.6
2,6,5,44.6,45.94
1,6,5,45.94,49.53
1,7,5,49.53,45.88
2,7,5,45.88,44.12
3,7,5,44.12,46.06
3,8,5,46.06,49.25
4,8,5,49.25,48.44
4,7,5,48.44,46.97
3,7,5,46.97,47.53
3,7,6,47.53,48.1
3,8,6,48.1,49.66
3,8,5,49.66,50.66
2,8,5,50.66,48.72
1,8,5,48.72,49.94
1,7,5,49.94,44.06
1,6,5,44.06,41.3
1,5,5,41.3,37.56
1,6,5,37.56,39.66
1,6,4,39.66,43.1
1,5,4,43.1,33.75
1,5,4,43.1,33.75
1,6,4,33.75,43.06
2,6,4,43.06,41.62
1,6,4,41.62,49.47
1,6,4,41.62,49.47
1,6,4,49.47,48.12
2,6,4,48.12,37.06
1,6,4,37.06,49.47
1,6,4,37.06,49.47
1,6,4,37.06,49.47
1,6,4,37.06,49.47
1,5,4,49.47,33.8
1,5,4,33.8,30.33
1,5,5,30.33,36.06
1,5,5,36.06,38.72
1,5,5,38.72,39.8
1,5,5,38.72,39.8
1,5,4,39.8,36.16
1,5,4,39.8,36.16
1,6,4,36.16,41.72
1,6,4,36.16,41.72
1,6,5,41.72,42.62
1,6,5,42.62,37.47
1,6,5,42.62,37.47
1,7,5,37.47,43.16
1,7,5,37.47,43.16
2,7,5,43.16,45.3
2,6,5,45.3,45.8
2,6,4,45.8,43.66
2,6,4,45.8,43.66
1,6,4,43.66,32.2
1,6,5,32.2,41.88
1,6,6,41.88,37.7
1,6,6,37.7,36.94
2,6,6,36.94,40.06
1,6,6,40.06,48.0
1,6,6,48.0,47.6
1,6,5,47.6,39.97
1,6,4,39.97,40.8
1,6,4,39.97,40.8
2,6,4,40.8,42.34
3,6,4,42.34,42.94
2,6,4,42.94,48.34
2,5,4,48.34,42.3
2,5,5,42.3,40.4
3,5,5,40.4,35.3
2,5,5,35.3,48.06
2,4,5,48.06,33.88
1,4,5,33.88,31.73
1,4,5,33.88,31.73
1,4,6,31.73,24.73
1,5,6,24.73,31.53
1,6,6,31.53,40.2
2,6,6,40.2,38.34
2,5,6,38.34,40.47
1,5,6,40.47,38.88
2,5,6,38.88,32.38
2,4,6,32.38,31.28
3,4,6,31.28,24.62
3,4,7,24.62,38.12
3,5,7,38.12,41.06
3,5,7,41.06,40.72
3,4,7,40.72,37.78
3,4,6,37.78,38.4
2,4,6,38.4,45.88
2,4,6,45.88,43.72
3,4,6,43.72,36.9
2,4,6,36.9,45.06
2,4,6,45.06,49.06
2,4,7,49.06,46.25
2,5,7,46.25,42.03
2,4,7,42.03,33.25
3,4,7,33.25,30.78
3,5,7,30.78,42.44
2,5,7,42.44,46.66
2,6,7,46.66,44.22
2,6,6,44.22,44.06
2,5,6,44.06,41.25
2,4,6,41.25,31.23
1,4,6,31.23,39.4
1,4,7,39.4,27.33
1,4,8,27.33,20.11
1,4,7,20.11,23.88
1,4,7,23.88,26.33
1,4,7,26.33,34.53
1,4,6,34.53,21.88
1,5,6,21.88,36.66
1,5,6,21.88,36.66
1,5,6,36.66,38.06
1,6,6,38.06,40.25
1,6,6,38.06,40.25
1,6,6,40.25,41.12
2,6,6,41.12,39.12
2,6,7,39.12,44.03
2,5,7,44.03,40.3
2,4,7,40.3,33.78
1,4,7,33.78,43.47
1,4,7,43.47,42.72
1,5,7,42.72,35.44
1,5,6,35.44,30.53
1,5,6,35.44,30.53
1,5,6,35.44,30.53
1,5,6,30.53,38.06
1,5,7,38.06,31.6
2,5,7,31.6,26.45
2,5,6,26.45,36.72
2,5,5,36.72,41.47
2,5,4,41.47,41.97
2,5,4,41.97,40.4
2,5,4,40.4,40.72
2,5,4,40.72,45.0
2,5,4,45.0,41.12
2,6,4,41.12,45.5
1,6,4,45.5,42.66
1,6,4,45.5,42.66
1,6,4,42.66,42.47
1,6,5,42.47,40.1
1,6,5,40.1,44.88
1,6,4,44.88,38.8
1,7,4,38.8,44.4
1,8,4,44.4,46.28
1,9,4,46.28,47.97
1,9,4,47.97,47.44
1,9,5,47.44,47.88
1,9,5,47.88,41.34
1,9,5,47.88,41.34
1,9,5,47.88,41.34
1,9,4,41.34,46.53
1,9,4,46.53,49.53
1,9,4,46.53,49.53
1,9,4,46.53,49.53
1,9,4,46.53,49.53
1,9,4,46.53,49.53
1,9,5,49.53,48.22
1,9,5,49.53,48.22
1,9,4,48.22,47.8
1,9,5,47.8,46.97
1,9,6,46.97,48.12
1,8,6,48.12,46.8
2,8,6,46.8,47.72
2,9,6,47.72,48.97
2,8,6,48.97,48.3
2,7,6,48.3,46.38
2,7,6,46.38,47.25
2,7,7,47.25,45.3
2,7,7,45.3,44.0
2,7,6,44.0,45.22
1,7,6,45.22,47.0
1,7,5,47.0,44.2
2,7,5,44.2,45.1
2,7,5,45.1,43.0
2,7,5,43.0,48.34
2,7,5,48.34,44.12
2,6,5,44.12,43.97
3,6,5,43.97,42.0
4,6,5,42.0,45.5
3,6,5,45.5,49.06
2,6,5,49.06,49.28
2,6,5,49.28,47.53
2,6,5,47.53,48.12
1,6,5,48.12,48.8
2,6,5,48.8,42.62
2,6,4,42.62,45.3
1,6,4,45.3,44.34
1,5,4,44.34,35.62
1,6,4,35.62,41.62
1,5,4,41.62,35.66
2,5,4,35.66,34.88
2,5,4,35.66,34.88
2,5,4,35.66,34.88
2,6,4,34.88,45.44
2,6,4,34.88,45.44
3,6,4,45.44,42.7
3,6,4,42.7,46.12
3,7,4,46.12,47.97
3,7,4,47.97,47.44
3,6,4,47.44,45.1
2,6,4,45.1,45.53
2,6,4,45.53,46.47
3,6,4,46.47,43.88
4,6,4,43.88,46.03
5,6,4,46.03,49.25
5,6,4,49.25,49.62
5,6,4,49.25,49.62
5,6,5,49.62,47.2
5,5,5,47.2,43.47
4,5,5,43.47,43.34
5,5,5,43.34,44.25
5,5,5,44.25,48.78
5,5,6,48.78,45.72
6,5,6,45.72,43.2
6,4,6,43.2,38.12
6,4,6,43.2,38.12
6,4,6,43.2,38.12
6,4,7,38.12,35.03
6,5,7,35.03,44.1
6,4,7,44.1,30.47
6,4,7,44.1,30.47
6,5,7,30.47,42.2
6,5,8,42.2,44.38
6,5,7,44.38,41.8
5,5,7,41.8,47.72
6,5,7,47.72,42.78
6,5,7,47.72,42.78
6,5,6,42.78,44.16
5,5,6,44.16,47.75
5,5,6,47.75,48.0
4,5,6,48.0,46.47
4,5,5,46.47,42.47
4,5,5,42.47,43.06
5,5,5,43.06,47.3
4,5,5,47.3,46.0
4,5,6,46.0,43.1
4,5,6,43.1,45.22
4,6,6,45.22,46.28
5,6,6,46.28,46.94
6,6,6,46.94,46.94
6,6,6,46.94,46.94
5,6,6,46.94,50.06
4,6,6,50.06,49.66
4,6,7,49.66,46.72
4,5,7,46.72,39.06
4,4,7,39.06,36.44
5,4,7,36.44,40.75
4,4,7,40.75,45.28
4,5,7,45.28,43.53
4,5,7,43.53,44.9
4,6,7,44.9,46.88
4,6,8,46.88,45.88
4,7,8,45.88,47.72
4,8,8,47.72,49.03
5,8,8,49.03,51.22
4,8,8,51.22,49.53
4,7,8,49.53,48.44
4,7,9,48.44,47.84
4,7,8,47.84,46.25
4,7,8,46.25,47.06
5,7,8,47.06,49.88
5,7,7,49.88,50.34
5,7,8,50.34,49.72
5,8,8,49.72,50.4
5,8,8,50.4,50.12
5,8,8,50.12,50.12
4,8,8,50.12,47.94
3,8,8,47.94,50.2
3,7,8,50.2,48.0
4,7,8,48.0,47.97
4,6,8,47.97,45.06
4,6,7,45.06,46.6
4,5,7,46.6,40.8
3,5,7,40.8,38.47
3,5,8,38.47,40.4
3,4,8,40.4,34.84
3,4,9,34.84,36.47
3,4,9,34.84,36.47
3,4,8,36.47,36.4
3,4,7,36.4,37.47
3,5,7,37.47,37.06
3,5,7,37.06,41.12
2,5,7,41.12,42.88
1,5,7,42.88,46.0
1,5,7,46.0,48.34
1,6,7,48.34,39.06
1,6,7,39.06,43.53
1,6,7,43.53,43.66
1,6,7,43.66,47.4
2,6,7,47.4,41.5
2,7,7,41.5,46.2
2,6,7,46.2,43.8
3,6,7,43.8,41.38
3,6,6,41.38,44.66
4,6,6,44.66,44.72
4,7,6,44.72,47.94
5,7,6,47.94,51.03
5,6,6,51.03,49.06
5,6,6,49.06,49.7
5,6,6,49.7,48.94
6,6,6,48.94,48.2
6,6,5,48.2,46.75
6,6,4,46.75,46.4
6,6,4,46.75,46.4
6,6,4,46.75,46.4
6,6,4,46.75,46.4
6,6,4,46.75,46.4
6,5,4,46.4,44.12
6,5,4,46.4,44.12
6,6,4,44.12,46.44
6,5,4,46.44,43.72
6,5,4,43.72,46.72
6,5,5,46.72,43.6
6,5,5,43.6,44.78
6,6,5,44.78,46.5
5,6,5,46.5,51.28
5,7,5,51.28,50.6
6,7,5,50.6,48.06
6,7,4,48.06,48.06
6,7,4,48.06,48.06
5,7,4,48.06,48.88
5,6,4,48.88,48.53
5,6,5,48.53,48.5
6,6,5,48.5,48.28
6,6,5,48.5,48.28
6,7,5,48.28,49.44
5,7,5,49.44,49.88
5,7,6,49.88,49.78
6,7,6,49.78,49.78
6,7,7,49.78,49.94
6,7,6,49.94,49.44
6,7,7,49.44,47.78
6,7,6,47.78,48.22
6,6,6,48.22,46.88
5,6,6,46.88,49.88
5,5,6,49.88,45.12
5,5,5,45.12,43.8
5,4,5,43.8,41.34
5,4,5,41.34,42.56
4,4,5,42.56,42.7
4,4,5,42.7,43.4
4,4,5,43.4,44.28
4,4,5,43.4,44.28
4,4,4,44.28,39.47
4,4,4,44.28,39.47
4,5,4,39.47,41.12
4,5,5,41.12,43.3
4,4,5,43.3,31.23
3,4,5,31.23,35.94
3,4,5,35.94,37.94
4,4,5,37.94,32.22
4,4,5,32.22,46.1
4,4,4,46.1,38.53
3,4,4,38.53,37.84
3,4,4,38.53,37.84
2,4,4,37.84,44.2
1,4,4,44.2,46.88
2,4,4,46.88,24.23
1,4,4,24.23,48.6
1,5,4,48.6,33.25
1,5,4,48.6,33.25
1,5,4,33.25,36.0
1,5,4,33.25,36.0
1,6,4,36.0,40.88
1,6,4,40.88,40.66
1,6,4,40.88,40.66
1,6,5,40.66,39.6
1,6,6,39.6,40.62
1,6,6,40.62,42.34
1,5,6,42.34,37.0
2,5,6,37.0,24.88
2,6,6,24.88,45.3
2,5,6,45.3,41.34
3,5,6,41.34,37.28
2,5,6,37.28,47.4
2,5,5,47.4,39.94
2,4,5,39.94,34.6
2,4,4,34.6,34.2
3,4,4,34.2,21.0
4,4,4,21.0,31.1
3,4,4,31.1,41.8
3,5,4,41.8,40.53
4,5,4,40.53,40.25
3,5,4,40.25,46.4
3,5,4,40.25,46.4
3,5,4,40.25,46.4
3,5,5,46.4,39.88
4,5,5,39.88,39.8
4,4,5,39.8,38.0
3,4,5,38.0,37.8
3,4,5,38.0,37.8
2,4,5,37.8,38.47
2,4,6,38.47,30.95
2,5,6,30.95,40.9
2,6,6,40.9,45.7
2,6,7,45.7,44.78
1,6,7,44.78,42.4
1,6,8,42.4,39.78
2,6,8,39.78,41.62
2,6,9,41.62,44.38
2,6,9,44.38,41.47
1,6,9,41.47,46.66
1,6,8,46.66,40.8
1,6,9,40.8,42.12
1,7,9,42.12,40.28
1,7,9,42.12,40.28
1,8,9,40.28,45.28
1,8,9,45.28,41.88
1,8,9,41.88,45.34
1,9,9,45.34,48.22
1,9,9,48.22,50.0
2,9,9,50.0,48.5
2,9,9,50.0,48.5
3,9,9,48.5,49.12
3,9,9,48.5,49.12
4,9,9,49.12,50.34
4,8,9,50.34,48.47
3,8,9,48.47,49.47
3,8,8,49.47,48.88
3,9,8,48.88,50.28
3,9,9,50.28,48.38
3,9,8,48.38,49.88
2,9,8,49.88,49.2
2,9,7,49.2,49.56
2,9,7,49.2,49.56
3,9,7,49.56,50.0
3,9,8,50.0,50.44
3,9,8,50.44,50.25
3,8,8,50.25,48.38
2,8,8,48.38,49.53
2,8,9,49.53,47.66
2,8,9,49.53,47.66
2,7,9,47.66,47.2
2,7,8,47.2,45.03
1,7,8,45.03,48.47
1,7,9,48.47,43.88
1,8,9,43.88,45.88
1,9,9,45.88,47.0
1,9,9,47.0,48.94
2,9,9,48.94,48.62
1,9,9,48.62,49.4
1,9,8,49.4,47.38
1,8,8,47.38,45.62
2,8,8,45.62,46.9
2,7,8,46.9,45.7
2,7,9,45.7,45.94
2,7,8,45.94,46.0
2,8,8,46.0,47.8
1,8,8,47.8,44.53
1,7,8,44.53,42.2
1,7,8,44.53,42.2
1,6,8,42.2,41.22
1,5,8,41.22,33.12
1,5,9,33.12,36.22
1,4,9,36.22,21.0
1,4,9,36.22,21.0
1,5,9,21.0,37.4
2,5,9,37.4,36.9
1,5,9,36.9,46.4
2,5,9,46.4,35.5
2,6,9,35.5,44.84
2,6,9,44.84,43.38
2,6,9,44.84,43.38
2,6,9,44.84,43.38
3,6,9,43.38,44.84
3,6,9,44.84,48.3
4,6,9,48.3,46.34
4,5,9,46.34,42.47
4,4,9,42.47,37.94
4,4,9,37.94,40.62
5,4,9,40.62,43.38
5,4,8,43.38,39.47
5,4,8,43.38,39.47
4,4,8,39.47,42.53
4,4,8,39.47,42.53
4,4,9,42.53,35.88
4,4,8,35.88,38.0
4,4,7,38.0,35.97
5,4,7,35.97,38.16
6,4,7,38.16,41.0
5,4,7,41.0,47.38
5,4,7,41.0,47.38
4,4,7,47.38,48.4
4,4,7,48.4,49.0
4,4,7,49.0,48.94
4,4,7,48.94,48.12
4,5,7,48.12,43.88
4,5,8,43.88,40.4
3,5,8,40.4,41.12
4,5,8,41.12,42.7
4,6,8,42.7,46.06
4,6,9,46.06,46.62
4,6,9,46.62,48.06
4,6,8,48.06,44.0
3,6,8,44.0,45.06
3,6,9,45.06,44.6
2,6,9,44.6,47.06
2,6,8,47.06,43.2
2,6,8,43.2,44.0
2,6,8,44.0,44.2
2,6,7,44.2,45.03
2,5,7,45.03,40.4
3,5,7,40.4,33.47
3,6,7,33.47,43.8
3,5,7,43.8,42.38
3,5,7,42.38,47.47
2,5,7,47.47,42.72
2,4,7,42.72,34.6
2,4,7,42.72,34.6
2,4,8,34.6,34.4
1,4,8,34.4,34.72
1,4,7,34.72,19.27
1,4,7,34.72,19.27
2,4,7,19.27,16.77
1,4,7,16.77,47.12
1,4,6,47.12,24.67
1,4,6,24.67,24.2
1,4,6,24.67,24.2
1,4,6,24.67,24.2
2,4,6,24.2,17.34
2,5,6,17.34,40.88
2,4,6,40.88,34.1
2,5,6,34.1,39.62
2,5,5,39.62,42.8
2,5,5,42.8,37.2
1,5,5,37.2,45.2
1,6,5,45.2,42.88
1,5,5,42.88,30.23
2,5,5,30.23,32.0
2,6,5,32.0,43.8
2,6,6,43.8,42.3
2,6,5,42.3,44.62
2,7,5,44.62,46.22
2,8,5,46.22,47.0
2,8,5,47.0,48.47
2,7,5,48.47,47.3
2,7,6,47.3,44.34
2,8,6,44.34,48.56
3,8,6,48.56,48.16
3,8,7,48.16,48.88
2,8,7,48.88,47.28
2,8,6,47.28,48.22
2,8,6,48.22,48.47
2,7,6,48.47,46.75
2,7,7,46.75,46.44
2,7,6,46.44,46.12
3,7,6,46.12,46.84
3,6,6,46.84,44.94
4,6,6,44.94,45.66
3,6,6,45.66,46.34
4,6,6,46.34,46.2
4,6,5,46.2,45.9
4,7,5,45.9,46.97
5,7,5,46.97,49.75
4,7,5,49.75,47.4
4,7,4,47.4,47.1
3,7,4,47.1,43.66
3,6,4,43.66,44.8
3,7,4,44.8,48.12
3,7,4,48.12,48.4
3,7,4,48.4,48.66
3,7,4,48.4,48.66
3,8,4,48.66,50.06
3,8,4,50.06,49.16
4,8,4,49.16,50.12
5,8,4,50.12,51.88
5,7,4,51.88,50.1
5,7,5,50.1,49.12
5,7,5,49.12,49.0
6,7,5,49.0,49.1
6,8,5,49.1,49.9
6,8,4,49.9,49.12
6,8,5,49.12,49.47
6,9,5,49.47,50.8
6,9,5,50.8,50.53
6,9,4,50.53,50.06
5,9,4,50.06,50.28
4,9,4,50.28,49.0
4,9,4,49.0,49.6
5,9,4,49.6,51.75
6,9,4,51.75,51.44
6,9,4,51.44,49.4
6,9,4,49.4,50.4
6,9,4,49.4,50.4
5,9,4,50.4,50.06
5,9,4,50.4,50.06
4,9,4,50.06,50.34
4,9,4,50.06,50.34
3,9,4,50.34,51.25
3,9,5,51.25,49.53
3,9,5,51.25,49.53
2,9,5,49.53,48.12
1,9,5,48.12,50.06
1,9,5,48.12,50.06
2,9,5,50.06,49.5
1,9,5,49.5,49.66
1,9,5,49.5,49.66
1,9,5,49.5,49.66
1,9,4,49.66,46.4
1,9,4,49.66,46.4
2,9,4,46.4,48.53
1,9,4,48.53,49.6
1,9,5,49.6,47.56
1,9,5,49.6,47.56
1,9,4,47.56,47.03
1,9,4,47.56,47.03
2,9,4,47.03,49.34
2,8,4,49.34,48.12
2,9,4,48.12,49.5
2,8,4,49.5,48.12
2,8,4,48.12,49.0
2,8,4,49.0,46.2
2,8,4,46.2,48.72
2,7,4,48.72,46.38
1,7,4,46.38,45.8
2,7,4,45.8,45.7
2,7,4,45.8,45.7
2,6,4,45.7,42.44
2,7,4,42.44,47.34
2,7,5,47.34,45.12
2,7,5,45.12,47.28
2,8,5,47.28,47.34
2,8,4,47.34,47.72
2,9,4,47.72,49.1
1,9,4,49.1,50.06
1,9,5,50.06,47.7
1,9,5,50.06,47.7
1,9,5,47.7,47.94
1,9,4,47.94,48.03
1,8,4,48.03,47.16
1,7,4,47.16,43.72
1,8,4,43.72,44.88
1,8,4,44.88,47.56
1,9,4,47.56,47.28
1,9,4,47.56,47.28
1,8,4,47.28,46.6
1,8,4,46.6,44.6
2,8,4,44.6,47.16
3,8,4,47.16,48.7
3,8,4,48.7,46.75
2,8,4,46.75,48.94
3,8,4,48.94,49.3
2,8,4,49.3,50.12
1,8,4,50.12,49.28
1,9,4,49.28,47.97
1,9,4,49.28,47.97
1,9,4,49.28,47.97
2,9,4,47.97,48.97
2,9,4,47.97,48.97
2,8,4,48.97,47.72
2,8,5,47.72,47.75
2,8,4,47.75,48.06
2,9,4,48.06,49.53
2,9,5,49.53,49.06
2,9,5,49.53,49.06
2,9,4,49.06,48.97
2,8,4,48.97,48.44
1,8,4,48.44,49.6
1,7,4,49.6,42.03
1,7,5,42.03,45.16
2,7,5,45.16,44.47
2,7,5,44.47,48.2
1,7,5,48.2,50.0
1,7,5,48.2,50.0
1,6,5,50.0,40.97
1,6,5,40.97,38.66
1,6,5,38.66,41.6
1,6,5,38.66,41.6
1,6,6,41.6,40.84
1,6,6,41.6,40.84
2,6,6,40.84,40.66
1,6,6,40.66,49.94
2,6,6,49.94,41.06
2,5,6,41.06,40.6
3,5,6,40.6,35.4
3,6,6,35.4,46.16
3,5,6,46.16,39.47
3,5,5,39.47,41.78
4,5,5,41.78,43.78
4,6,5,43.78,45.25
4,7,5,45.25,47.06
4,7,6,47.06,47.22
4,7,5,47.22,47.72
4,7,5,47.72,47.9
4,6,5,47.9,46.53
4,7,5,46.53,47.44
4,7,5,47.44,48.6
4,6,5,48.6,46.75
4,5,5,46.75,44.06
4,4,5,44.06,28.05
4,4,5,44.06,28.05
5,4,5,28.05,42.97
4,4,5,42.97,44.66
4,4,6,44.66,38.34
4,4,7,38.34,40.06
4,4,7,40.06,42.0
4,5,7,42.0,42.06
4,5,6,42.06,41.53
4,6,6,41.53,46.88
4,6,6,46.88,45.7
4,5,6,45.7,43.1
4,5,7,43.1,41.72
4,5,7,41.72,44.0
5,5,7,44.0,47.16
5,5,7,47.16,48.78
5,5,8,48.78,45.25
5,6,8,45.25,48.5
5,6,9,48.5,48.9
4,6,9,48.9,46.06
4,7,9,46.06,47.16
4,8,9,47.16,50.12
3,8,9,50.12,47.8
3,8,9,47.8,49.06
4,8,9,49.06,49.22
4,8,9,49.22,49.28
4,7,9,49.28,47.3
3,7,9,47.3,47.53
3,6,9,47.53,44.94
3,6,9,44.94,45.53
3,6,9,44.94,45.53
4,6,9,45.53,44.75
4,7,9,44.75,46.97
4,7,8,46.97,47.25
4,7,9,47.25,47.47
5,7,9,47.47,50.28
5,6,9,50.28,48.1
4,6,9,48.1,47.53
4,6,9,47.53,46.28
4,6,9,47.53,46.28
4,6,9,47.53,46.28
4,6,9,46.28,46.6
4,5,9,46.6,45.1
4,6,9,45.1,45.5
4,6,9,45.1,45.5
3,6,9,45.5,44.8
3,5,9,44.8,37.06
3,4,9,37.06,39.06
4,4,9,39.06,37.66
3,4,9,37.66,42.0
3,4,9,37.66,42.0
3,4,9,42.0,45.0
3,4,9,45.0,43.03
3,5,9,43.03,40.94
3,5,9,43.03,40.94
3,4,9,40.94,37.88
3,5,9,37.88,42.06
3,4,9,42.06,37.4
2,4,9,37.4,37.0
3,4,9,37.0,31.1
3,4,9,37.0,31.1
4,4,9,31.1,31.56
5,4,9,31.56,44.94
5,5,9,44.94,46.2
5,5,8,46.2,45.78
5,6,8,45.78,50.12
5,6,9,50.12,47.62
5,6,9,47.62,48.34
5,6,9,48.34,48.72
5,6,9,48.72,49.28
6,6,9,49.28,46.38
6,7,9,46.38,48.12
5,7,9,48.12,48.47
4,7,9,48.47,48.12
4,6,9,48.12,46.5
4,5,9,46.5,43.12
5,5,9,43.12,47.47
5,5,8,47.47,45.2
6,5,8,45.2,39.88
6,5,9,39.88,41.12
6,5,9,41.12,43.03
6,6,9,43.03,46.8
6,6,9,46.8,48.28
5,6,9,48.28,49.66
6,6,9,49.66,46.5
6,5,9,46.5,41.38
5,5,9,41.38,48.16
4,5,9,48.16,46.03
4,5,9,48.16,46.03
4,6,9,46.03,45.62
5,6,9,45.62,48.1
5,5,9,48.1,47.34
5,5,8,47.34,44.88
5,5,8,44.88,46.28
5,6,8,46.28,47.4
4,6,8,47.4,47.72
4,5,8,47.72,41.38
3,5,8,41.38,38.8
3,4,8,38.8,35.34
3,4,8,38.8,35.34
3,4,8,38.8,35.34
3,4,8,35.34,38.38
3,4,7,38.38,41.9
3,4,6,41.9,36.6
3,4,5,36.6,39.03
2,4,5,39.03,42.12
2,4,4,42.12,30.6
2,4,4,42.12,30.6
2,5,4,30.6,41.44
2,5,5,41.44,37.4
2,5,4,37.4,40.97
1,5,4,40.97,46.6
1,5,4,40.97,46.6
1,5,4,46.6,49.0
2,5,4,49.0,32.2
2,4,4,32.2,35.4
2,4,4,32.2,35.4
1,4,4,35.4,44.2
1,4,4,35.4,44.2
1,4,4,44.2,42.4
2,4,4,42.4,23.12
1,4,4,23.12,46.34
1,5,4,46.34,34.4
1,6,4,34.4,38.03
1,6,4,34.4,38.03
2,6,4,38.03,42.66
2,7,4,42.66,46.06
2,7,4,42.66,46.06
2,7,5,46.06,44.28
2,8,5,44.28,48.12
2,8,5,48.12,48.16
2,7,5,48.16,46.28
2,7,5,46.28,45.16
2,8,5,45.16,47.5
2,8,5,47.5,48.7
2,8,5,48.7,49.0
2,7,5,49.0,46.75
2,8,5,46.75,48.34
2,7,5,48.34,46.2
2,7,4,46.2,46.06
1,7,4,46.06,48.72
1,7,4,48.72,49.72
1,7,4,49.72,49.53
1,6,4,49.53,42.47
1,7,4,42.47,45.38
1,6,4,45.38,40.97
2,6,4,40.97,40.34
3,6,4,40.34,43.4
3,5,4,43.4,38.88
4,5,4,38.88,36.88
4,5,4,38.88,36.88
4,5,4,38.88,36.88
5,5,4,36.88,46.47
5,5,5,46.47,45.06
4,5,5,45.06,45.28
4,4,5,45.28,39.12
3,4,5,39.12,40.94
4,4,5,40.94,33.28
4,5,5,33.28,41.8
3,5,5,41.8,42.4
3,5,4,42.4,38.53
2,5,4,38.53,46.06
2,5,4,38.53,46.06
2,4,4,46.06,29.77
2,4,4,29.77,29.88
2,5,4,29.88,40.66
2,5,4,40.66,42.8
1,5,4,42.8,46.6
1,5,4,42.8,46.6
1,5,4,46.6,47.94
1,5,4,46.6,47.94
1,5,5,47.94,38.0
1,5,6,38.0,33.88
1,5,6,38.0,33.88
1,4,6,33.88,29.2
1,4,6,33.88,29.2
1,4,6,33.88,29.2
1,4,7,29.2,19.47
1,4,7,19.47,28.47
2,4,7,28.47,26.11
3,4,7,26.11,30.0
3,5,7,30.0,37.72
3,5,8,37.72,39.28
3,5,8,39.28,43.2
3,5,8,43.2,39.47
3,5,8,39.47,40.84
4,5,8,40.84,37.75
4,5,8,37.75,46.28
4,5,8,46.28,47.72
3,5,8,47.72,45.88
3,6,8,45.88,46.1
4,6,8,46.1,44.62
4,5,8,44.62,46.2
4,5,9,46.2,42.12
4,5,9,42.12,43.88
3,5,9,43.88,41.2
3,5,9,43.88,41.2
2,5,9,41.2,46.2
1,5,9,46.2,47.94
1,5,9,46.2,47.94
1,6,9,47.94,39.53
1,7,9,39.53,42.6
1,7,9,39.53,42.6
1,8,9,42.6,46.3
1,8,9,46.3,46.12
1,8,9,46.3,46.12
1,7,9,46.12,44.06
1,8,9,44.06,45.3
1,8,9,44.06,45.3
1,8,9,44.06,45.3
2,8,9,45.3,47.44
2,8,9,47.44,49.34
1,8,9,49.34,49.4
1,9,9,49.4,48.28
1,9,9,49.4,48.28
1,8,9,48.28,45.03
1,9,9,45.03,47.97
1,9,9,47.97,47.72
1,9,8,47.72,46.8
1,9,8,46.8,49.06
1,9,8,46.8,49.06
1,9,8,49.06,47.06
1,9,8,49.06,47.06
1,8,8,47.06,46.2
1,8,7,46.2,47.03
1,8,7,46.2,47.03
2,8,7,47.03,47.53
3,8,7,47.53,47.78
3,8,7,47.78,49.16
2,8,7,49.16,50.2
2,7,7,50.2,46.03
2,7,8,46.03,46.62
2,8,8,46.62,47.62
2,8,7,47.62,48.34
2,9,7,48.34,50.2
2,9,7,48.34,50.2
2,8,7,50.2,47.22
2,8,6,47.22,48.1
2,7,6,48.1,46.3
2,8,6,46.3,48.1
1,8,6,48.1,46.28
1,8,7,46.28,46.44
2,8,7,46.44,47.3
2,8,7,47.3,47.2
2,7,7,47.2,45.7
2,6,7,45.7,45.94
2,6,6,45.94,44.22
2,7,6,44.22,46.34
3,7,6,46.34,47.16
3,7,7,47.16,49.03
3,7,7,49.03,48.22
3,7,6,48.22,43.38
3,7,7,43.38,48.0
3,7,6,48.0,47.6
3,7,6,47.6,47.53
2,7,6,47.53,48.28
2,6,6,48.28,44.0
2,7,6,44.0,44.8
1,7,6,44.8,48.72
1,7,5,48.72,46.72
1,6,5,46.72,41.03
1,6,6,41.03,40.7
1,6,6,40.7,36.6
1,6,6,40.7,36.6
2,6,6,36.6,39.97
2,6,6,39.97,47.12
2,5,6,47.12,39.0
1,5,6,39.0,47.8
1,5,7,47.8,37.3
1,6,7,37.3,38.56
1,6,6,38.56,42.84
1,7,6,42.84,39.97
2,7,6,39.97,45.0
2,8,6,45.0,47.62
2,9,6,47.62,49.66
2,8,6,49.66,47.62
2,9,6,47.62,49.03
2,9,7,49.03,49.62
3,9,7,49.62,49.66
4,9,7,49.66,50.94
5,9,7,50.94,51.53
5,9,7,51.53,50.28
5,9,6,50.28,50.38
5,8,6,50.38,49.97
5,8,7,49.97,49.78
6,8,7,49.78,50.22
6,8,6,50.22,49.78
6,8,6,49.78,50.1
6,9,6,50.1,49.62
6,9,7,49.62,51.28
6,9,7,49.62,51.28
6,9,8,51.28,50.1
6,9,8,51.28,50.1
6,8,8,50.1,49.25
6,7,8,49.25,48.94
6,7,7,48.94,49.47
6,8,7,49.47,49.97
6,8,7,49.47,49.97
6,8,7,49.47,49.97
6,9,7,49.97,49.97
6,8,7,49.97,49.88
6,8,7,49.88,49.97
6,8,7,49.97,49.6
6,7,7,49.6,48.72
6,6,7,48.72,45.88
6,7,7,45.88,49.25
6,7,6,49.25,48.12
6,8,6,48.12,51.38
6,9,6,51.38,49.94
6,8,6,49.94,50.03
6,8,5,50.03,50.5
6,8,4,50.5,49.94
6,9,4,49.94,50.4
6,9,4,49.94,50.4
6,9,4,50.4,50.3
6,9,4,50.4,50.3
6,8,4,50.3,49.0
6,7,4,49.0,48.12
6,7,4,48.12,50.34
6,7,5,50.34,50.62
6,7,4,50.62,48.3
6,8,4,48.3,49.6
6,8,4,49.6,51.3
6,8,4,49.6,51.3
6,8,4,51.3,49.53
6,7,4,49.53,48.6
6,7,4,49.53,48.6
6,7,5,48.6,48.5
6,6,5,48.5,46.66
6,7,5,46.66,49.4
6,6,5,49.4,45.22
6,6,4,45.22,46.56
5,6,4,46.56,49.12
4,6,4,49.12,45.0
5,6,4,45.0,50.06
5,6,4,50.06,50.12
5,5,4,50.12,44.47
4,5,4,44.47,43.53
4,5,4,44.47,43.53
5,5,4,43.53,47.34
5,5,5,47.34,48.44
5,4,5,48.44,40.4
4,4,5,40.4,42.38
4,4,5,42.38,44.06
4,4,6,44.06,37.4
4,4,6,37.4,40.0
4,4,7,40.0,37.2
3,4,7,37.2,40.75
3,4,8,40.75,39.34
3,5,8,39.34,41.38
3,4,8,41.38,34.7
3,4,9,34.7,38.06
3,4,9,38.06,35.66
3,4,8,35.66,37.0
3,5,8,37.0,39.66
3,4,8,39.66,34.53
4,4,8,34.53,38.9
4,4,9,38.9,36.2
4,4,9,38.9,36.2
4,4,8,36.2,39.44
5,4,8,39.44,43.03
4,4,8,43.03,46.47
5,4,8,46.47,43.3
5,4,8,43.3,47.0
5,4,7,47.0,41.1
4,4,7,41.1,42.8
4,4,7,42.8,44.28
4,5,7,44.28,40.94
5,5,7,40.94,43.9
5,4,7,43.9,39.84
6,4,7,39.84,34.34
5,4,7,34.34,48.53
5,4,7,34.34,48.53
4,4,7,48.53,43.72
4,4,7,43.72,43.72
5,4,7,43.72,43.34
5,5,7,43.34,46.88
5,4,7,46.88,40.0
5,5,7,40.0,46.6
4,5,7,46.6,44.47
4,6,7,44.47,46.62
5,6,7,46.62,49.4
5,6,8,49.4,49.53
4,6,8,49.53,46.53
4,6,7,46.53,46.28
3,6,7,46.28,44.53
3,6,7,44.53,47.6
3,6,7,47.6,46.3
2,6,7,46.3,46.28
3,6,7,46.28,44.34
2,6,7,44.34,48.72
2,6,7,48.72,49.8
2,5,7,49.8,43.8
2,5,8,43.8,39.34
2,5,7,39.34,42.94
2,5,7,42.94,41.6
1,5,7,41.6,44.66
1,5,8,44.66,30.0
1,4,8,30.0,25.88
1,4,8,30.0,25.88
1,4,8,30.0,25.88
1,4,7,25.88,27.8
1,5,7,27.8,40.25
2,5,7,40.25,33.44
1,5,7,33.44,48.12
1,5,6,48.12,35.38
1,5,6,35.38,35.72
2,5,6,35.72,32.6
2,6,6,32.6,44.8
1,6,6,44.8,44.47
1,6,6,44.47,44.94
1,6,6,44.47,44.94
1,6,6,44.47,44.94
1,5,6,44.94,35.06
2,5,6,35.06,34.75
2,5,7,34.75,41.12
2,6,7,41.12,44.1
3,6,7,44.1,41.4
3,7,7,41.4,47.38
3,7,7,47.38,48.16
3,7,6,48.16,46.84
3,7,5,46.84,47.03
3,6,5,47.03,45.03
2,6,5,45.03,47.12
2,6,4,47.12,45.16
2,7,4,45.16,45.53
2,7,5,45.53,44.4
2,7,5,44.4,43.12
3,7,5,43.12,45.88
3,6,5,45.88,44.6
3,6,5,44.6,45.25
4,6,5,45.25,46.12
5,6,5,46.12,47.5
5,7,5,47.5,49.38
5,6,5,49.38,48.38
5,5,5,48.38,44.8
5,5,6,44.8,45.8
5,5,6,45.8,45.9
4,5,6,45.9,45.3
4,4,6,45.3,39.6
4,4,5,39.6,39.78
4,4,5,39.6,39.78
4,4,4,39.78,36.53
4,4,4,39.78,36.53
4,4,4,39.78,36.53
4,5,4,36.53,45.25
4,5,4,45.25,46.25
3,5,4,46.25,41.84
3,5,4,41.84,40.2
3,6,4,40.2,45.2
3,7,4,45.2,47.3
3,7,4,47.3,47.78
4,7,4,47.78,47.03
4,8,4,47.03,48.5
3,8,4,48.5,49.06
4,8,4,49.06,49.7
4,8,4,49.7,50.44
5,8,4,50.44,50.78
5,8,4,50.44,50.78
5,8,4,50.78,50.28
5,8,5,50.28,49.25
4,8,5,49.25,49.94
4,7,5,49.94,47.72
4,6,5,47.72,45.84
5,6,5,45.84,48.06
5,6,4,48.06,48.5
5,6,4,48.5,49.16
5,5,4,49.16,47.0
4,5,4,47.0,45.4
4,5,4,47.0,45.4
3,5,4,45.4,46.53
3,4,4,46.53,38.53
3,5,4,38.53,41.34
3,4,4,41.34,38.0
3,4,4,41.34,38.0
4,4,4,38.0,23.53
3,4,4,23.53,44.34
3,4,5,44.34,37.53
3,4,5,44.34,37.53
3,4,4,37.53,36.53
3,4,5,36.53,40.0
3,4,5,40.0,33.56
3,5,5,33.56,41.2
3,6,5,41.2,44.6
3,7,5,44.6,48.16
3,7,6,48.16,47.72
3,7,5,47.72,47.44
4,7,5,47.44,47.38
4,6,5,47.38,45.88
4,5,5,45.88,43.4
4,5,4,43.4,43.28
4,5,4,43.4,43.28
5,5,4,43.28,45.16
5,5,4,45.16,48.56
5,5,4,45.16,48.56
5,5,4,48.56,48.94
5,6,4,48.94,48.78
5,5,4,48.78,44.75
5,6,4,44.75,48.72
5,6,4,44.75,48.72
5,7,4,48.72,50.88
5,7,4,50.88,49.7
6,7,4,49.7,49.53
6,7,4,49.7,49.53
6,7,5,49.53,48.78
6,7,5,49.53,48.78
6,8,5,48.78,50.12
6,9,5,50.12,50.0
6,9,5,50.12,50.0
5,9,5,50.0,50.06
5,8,5,50.06,50.03
5,9,5,50.03,51.06
6,9,5,51.06,51.22
6,9,4,51.22,50.03
5,9,4,50.03,50.12
4,9,4,50.12,50.0
4,9,4,50.12,50.0
4,8,4,50.0,47.97
4,7,4,47.97,47.62
4,7,4,47.97,47.62
4,7,5,47.62,46.88
5,7,5,46.88,50.0
4,7,5,50.0,48.94
4,7,4,48.94,47.3
3,7,4,47.3,47.94
3,8,4,47.94,49.2
3,8,5,49.2,49.38
2,8,5,49.38,47.0
3,8,5,47.0,49.6
3,7,5,49.6,47.47
3,7,4,47.47,47.34
2,7,4,47.34,45.72
2,7,4,47.34,45.72
2,7,4,45.72,48.6
3,7,4,48.6,48.3
3,7,4,48.6,48.3
4,7,4,48.3,48.4
3,7,4,48.4,48.53
2,7,4,48.53,49.34
2,7,4,49.34,49.28
2,7,5,49.28,44.84
2,7,4,44.84,46.88
1,7,4,46.88,43.12
1,7,5,43.12,42.44
1,8,5,42.44,45.84
1,8,5,42.44,45.84
1,9,5,45.84,46.88
1,8,5,46.88,46.97
1,9,5,46.97,47.44
2,9,5,47.44,48.56
2,9,4,48.56,49.75
3,9,4,49.75,49.4
3,8,4,49.4,48.66
3,7,4,48.66,48.1
4,7,4,48.1,48.3
4,8,4,48.3,49.16
3,8,4,49.16,47.06
4,8,4,47.06,48.8
4,9,4,48.8,50.47
4,9,4,48.8,50.47
4,8,4,50.47,49.1
4,9,4,49.1,50.34
4,9,4,50.34,49.78
4,8,4,49.78,49.12
4,8,5,49.12,49.84
4,9,5,49.84,50.4
4,9,5,50.4,50.28
4,9,6,50.28,49.97
4,9,6,49.97,50.06
4,9,7,50.06,49.94
4,9,8,49.94,49.78
4,8,8,49.78,49.12
4,8,9,49.12,49.44
4,7,9,49.44,47.88
3,7,9,47.88,48.12
3,7,8,48.12,48.06
3,8,8,48.06,49.72
4,8,8,49.72,49.3
4,9,8,49.3,49.6
4,9,7,49.6,50.0
3,9,7,50.0,47.12
2,9,7,47.12,49.28
2,9,8,49.28,50.38
2,9,7,50.38,50.47
2,9,6,50.47,49.72
2,9,6,50.47,49.72
2,8,6,49.72,48.16
2,7,6,48.16,46.22
3,7,6,46.22,45.6
3,8,6,45.6,48.62
4,8,6,48.62,49.12
4,9,6,49.12,49.8
4,9,5,49.8,50.12
4,9,4,50.12,50.38
4,9,5,50.38,50.22
3,9,5,50.22,49.28
3,9,5,50.22,49.28
2,9,5,49.28,49.4
2,8,5,49.4,47.44
2,8,5,47.44,47.8
3,8,5,47.8,47.34
3,8,4,47.34,49.75
3,7,4,49.75,47.53
2,7,4,47.53,46.6
2,7,5,46.6,45.03
1,7,5,45.03,48.94
1,8,5,48.94,46.16
1,9,5,46.16,47.2
1,9,5,46.16,47.2
1,9,6,47.2,48.97
1,9,6,48.97,48.47
1,9,5,48.47,48.38
2,9,5,48.38,49.03
2,9,5,48.38,49.03
1,9,5,49.03,49.47
1,9,4,49.47,48.12
1,9,4,49.47,48.12
2,9,4,48.12,48.78
2,9,4,48.78,49.53
2,8,4,49.53,47.3
2,8,5,47.3,47.7
2,8,5,47.7,47.94
2,7,5,47.94,45.3
2,8,5,45.3,47.72
3,8,5,47.72,47.06
3,7,5,47.06,47.38
3,8,5,47.38,48.44
3,8,5,48.44,49.94
3,7,5,49.94,46.9
2,7,5,46.9,48.88
1,7,5,48.88,49.47
1,7,4,49.47,44.0
1,8,4,44.0,45.7
2,8,4,45.7,47.0
2,9,4,47.0,48.88
2,9,4,47.0,48.88
1,9,4,48.88,49.94
1,9,4,48.88,49.94
2,9,4,49.94,49.03
2,9,5,49.03,48.53
3,9,5,48.53,49.1
3,9,5,49.1,49.6
4,9,5,49.6,50.5
3,9,5,50.5,49.72
3,9,6,49.72,49.34
3,8,6,49.34,48.72
3,8,5,48.72,49.84
3,7,5,49.84,47.2
3,7,6,47.2,47.4
3,8,6,47.4,50.03
2,8,6,50.03,48.28
2,9,6,48.28,49.12
3,9,6,49.12,49.62
3,9,6,49.12,49.62
3,9,6,49.12,49.62
3,9,6,49.62,49.47
3,9,6,49.47,49.66
3,9,5,49.66,49.78
2,9,5,49.78,48.4
2,9,5,49.78,48.4
2,9,5,48.4,47.66
2,9,5,48.4,47.66
2,9,6,47.66,48.6
2,9,6,48.6,47.6
2,8,6,47.6,48.6
2,7,6,48.6,46.2
1,7,6,46.2,46.34
1,8,6,46.34,46.28
1,8,5,46.28,46.25
1,9,5,46.25,46.7
1,9,4,46.7,46.8
1,9,4,46.7,46.8
1,9,4,46.7,46.8
1,9,4,46.7,46.8
1,9,5,46.8,47.22
1,9,5,46.8,47.22
1,9,6,47.22,48.88
1,9,6,47.22,48.88
1,9,5,48.88,49.94
1,9,6,49.94,47.2
2,9,6,47.2,48.47
1,9,6,48.47,50.06
1,9,5,50.06,47.47
2,9,5,47.47,49.06
2,9,4,49.06,49.1
2,8,4,49.1,48.3
3,8,4,48.3,48.12
2,8,4,48.12,50.12
1,8,4,50.12,49.94
2,8,4,49.94,48.06
1,8,4,48.06,50.06
1,8,4,48.06,50.06
2,8,4,50.06,48.22
2,8,4,50.06,48.22
2,9,4,48.22,49.3
2,9,4,48.22,49.3
2,9,5,49.3,49.25
2,8,5,49.25,47.44
3,8,5,47.44,48.88
3,9,5,48.88,50.6
3,9,5,50.6,49.9
3,9,5,49.9,47.88
3,9,5,47.88,50.72
2,9,5,50.72,49.06
3,9,5,49.06,49.88
3,9,5,49.06,49.88
4,9,5,49.88,50.88
4,9,5,49.88,50.88
5,9,5,50.88,50.56
5,9,5,50.56,51.56
5,9,5,51.56,50.2
4,9,5,50.2,49.94
4,9,6,49.94,49.66
4,9,6,49.94,49.66
3,9,6,49.66,49.66
3,8,6,49.66,48.78
3,8,7,48.78,48.84
3,8,7,48.84,48.78
3,7,7,48.78,46.62
3,8,7,46.62,48.5
4,8,7,48.5,49.56
5,8,7,49.56,50.0
5,8,6,50.0,49.38
5,8,5,49.38,49.88
5,8,4,49.88,50.7
5,7,4,50.7,49.7
5,7,5,49.7,49.44
5,7,6,49.44,49.0
5,7,7,49.0,46.12
4,7,7,46.12,47.38
4,7,6,47.38,47.9
4,7,5,47.9,48.12
4,6,5,48.12,46.62
4,6,5,46.62,46.22
4,5,5,46.22,43.7
4,4,5,43.7,39.62
3,4,5,39.62,35.66
4,4,5,35.66,35.88
4,4,5,35.88,42.56
5,4,5,42.56,42.53
4,4,5,42.53,48.2
4,4,6,48.2,36.06
4,4,7,36.06,38.2
5,4,7,38.2,35.75
6,4,7,35.75,35.03
5,4,7,35.03,47.88
4,4,7,47.88,47.12
4,4,8,47.12,32.2
4,4,9,32.2,37.4
4,4,9,32.2,37.4
4,4,8,37.4,40.34
3,4,8,40.34,38.4
2,4,8,38.4,45.28
2,4,9,45.28,35.06
2,5,9,35.06,41.56
2,5,9,41.56,43.28
2,6,9,43.28,42.28
2,5,9,42.28,38.4
2,5,9,38.4,44.1
3,5,9,44.1,39.22
3,4,9,39.22,37.72
3,5,9,37.72,40.75
3,5,8,40.75,41.0
3,6,8,41.0,45.28
4,6,8,45.28,46.5
4,5,8,46.5,42.12
3,5,8,42.12,43.0
4,5,8,43.0,41.66
3,5,8,41.66,46.0
3,4,8,46.0,37.88
3,4,7,37.88,36.2
4,4,7,36.2,31.17
3,4,7,31.17,44.28
3,5,7,44.28,38.47
3,5,6,38.47,40.72
3,5,6,40.72,43.16
2,5,6,43.16,45.47
3,5,6,45.47,42.94
3,5,6,42.94,45.7
3,5,5,45.7,41.78
3,4,5,41.78,38.12
3,4,5,38.12,38.2
3,4,5,38.2,42.06
3,5,5,42.06,38.0
3,5,6,38.0,40.12
3,5,5,40.12,39.28
3,5,4,39.28,39.75
4,5,4,39.75,42.78
4,5,4,42.78,45.56
4,4,4,45.56,38.62
4,4,4,38.62,38.53
4,4,4,38.62,38.53
4,4,4,38.62,38.53
5,4,4,38.53,40.2
5,4,5,40.2,41.44
5,4,4,41.44,40.75
5,5,4,40.75,45.47
5,5,4,40.75,45.47
6,5,4,45.47,42.38
6,6,4,42.38,46.53
6,6,5,46.53,46.8
6,5,5,46.8,42.72
6,4,5,42.72,37.0
6,4,4,37.0,33.97
6,5,4,33.97,43.34
6,6,4,43.34,46.56
6,6,4,43.34,46.56
6,5,4,46.56,41.8
6,6,4,41.8,46.47
6,6,4,41.8,46.47
6,7,4,46.47,48.2
6,8,4,48.2,49.38
6,9,4,49.38,50.44
6,9,5,50.44,50.0
5,9,5,50.0,50.12
5,8,5,50.12,51.22
5,9,5,51.22,50.5
5,9,5,51.22,50.5
5,9,5,51.22,50.5
6,9,5,50.5,50.6
6,8,5,50.6,50.1
6,8,4,50.1,49.16
6,7,4,49.16,48.66
6,7,4,48.66,50.53
6,7,4,48.66,50.53
6,8,4,50.53,49.62
6,7,4,49.62,50.4
5,7,4,50.4,49.34
5,7,4,49.34,48.2
5,7,4,49.34,48.2
5,7,4,48.2,49.53
6,7,4,49.53,48.16
6,7,5,48.16,48.94
6,7,6,48.94,48.62
6,6,6,48.62,47.34
6,6,6,48.62,47.34
6,6,6,48.62,47.34
6,6,6,48.62,47.34
5,6,6,47.34,49.2
5,5,6,49.2,45.16
5,5,7,45.16,45.6
5,6,7,45.6,49.47
5,6,7,49.47,49.34
5,5,7,49.34,46.06
6,5,7,46.06,42.38
5,5,7,42.38,48.53
6,5,7,48.53,46.78
6,5,7,46.78,48.66
5,5,7,48.66,49.0
5,5,8,49.0,47.78
5,5,8,47.78,48.12
5,4,8,48.12,39.06
5,4,8,48.12,39.06
5,4,8,48.12,39.06
5,4,8,48.12,39.06
5,4,7,39.06,39.38
5,4,6,39.38,41.88
5,4,5,41.88,40.06
5,4,6,40.06,38.6
5,5,6,38.6,46.4
5,4,6,46.4,39.3
5,4,5,39.3,43.0
5,4,5,43.0,41.12
4,4,5,41.12,42.06
3,4,5,42.06,42.88
3,4,5,42.88,46.2
3,5,5,46.2,39.62
3,5,6,39.62,42.47
3,5,5,42.47,42.5
3,4,5,42.5,35.2
3,4,5,42.5,35.2
4,4,5,35.2,26.67
4,4,5,35.2,26.67
4,4,6,26.67,39.72
5,4,6,39.72,38.56
6,4,6,38.56,40.22
6,4,7,40.22,39.2
6,4,7,40.22,39.2
6,4,7,40.22,39.2
6,4,7,39.2,42.53
6,5,7,42.53,42.06
6,4,7,42.06,35.56
6,4,7,42.06,35.56
6,4,7,35.56,40.06
5,4,7,40.06,43.16
6,4,7,43.16,42.56
6,4,8,42.56,37.16
6,4,8,42.56,37.16
6,4,8,42.56,37.16
5,4,8,37.16,44.94
5,4,7,44.94,38.94
5,5,7,38.94,46.78
4,5,7,46.78,47.4
4,4,7,47.4,40.2
3,4,7,40.2,38.6
2,4,7,38.6,43.06
2,4,7,38.6,43.06
3,4,7,43.06,36.53
2,4,7,36.53,48.66
2,4,6,48.66,35.0
1,4,6,35.0,41.53
1,4,6,35.0,41.53
1,4,6,41.53,41.28
1,5,6,41.28,36.6
2,5,6,36.6,33.5
3,5,6,33.5,37.56
3,5,6,37.56,44.0
3,5,6,44.0,44.8
3,6,6,44.8,45.12
3,6,5,45.12,45.97
3,7,5,45.97,48.1
3,6,5,48.1,44.5
3,7,5,44.5,47.34
4,7,5,47.34,48.53
4,7,4,48.53,47.47
3,7,4,47.47,45.94
3,6,4,45.94,44.12
3,6,4,45.94,44.12
2,6,4,44.12,44.06
3,6,4,44.06,43.4
3,6,4,43.4,47.16
3,6,4,47.16,47.53
3,5,4,47.53,41.8
3,5,4,47.53,41.8
3,4,4,41.8,34.28
3,4,4,41.8,34.28
3,4,4,41.8,34.28
4,4,4,34.28,28.9
4,4,4,34.28,28.9
4,4,4,28.9,41.34
4,4,4,28.9,41.34
4,4,4,41.34,43.06
4,5,4,43.06,43.44
4,6,4,43.44,45.2
4,5,4,45.2,39.94
5,5,4,39.94,46.88
4,5,4,46.88,43.88
4,5,4,46.88,43.88
4,5,4,43.88,45.2
3,5,4,45.2,46.4
2,5,4,46.4,47.66
1,5,4,47.66,46.47
2,5,4,46.47,23.47
2,6,4,23.47,44.62
2,6,4,44.62,44.28
1,6,4,44.28,47.12
1,7,4,47.12,43.44
1,7,4,47.12,43.44
1,8,4,43.44,45.3
2,8,4,45.3,46.97
2,7,4,46.97,43.28
1,7,4,43.28,46.12
2,7,4,46.12,45.66
2,8,4,45.66,48.38
2,9,4,48.38,48.9
2,9,4,48.9,49.22
2,8,4,49.22,47.9
1,8,4,47.9,47.72
1,8,4,47.9,47.72
2,8,4,47.72,48.03
1,8,4,48.03,49.94
1,8,5,49.94,46.3
1,9,5,46.3,48.12
1,8,5,48.12,46.12
1,8,6,46.12,46.12
1,8,7,46.12,47.28
1,8,7,46.12,47.28
1,8,8,47.28,44.84
2,8,8,44.84,47.53
2,8,9,47.53,46.2
2,9,9,46.2,49.75
2,9,9,46.2,49.75
2,9,9,46.2,49.75
2,9,9,49.75,49.6
2,9,9,49.75,49.6
2,8,9,49.6,43.47
2,8,9,43.47,45.3
3,8,9,45.3,48.4
3,8,9,45.3,48.4
3,9,9,48.4,49.3
4,9,9,49.3,50.28
5,9,9,50.28,50.44
5,8,9,50.44,50.53
5,8,9,50.53,49.88
5,8,9,49.88,49.53
5,8,8,49.53,50.4
6,8,8,50.4,52.4
6,8,7,52.4,48.97
6,8,6,48.97,48.97
5,8,6,48.97,49.88
6,8,6,49.88,51.12
6,8,7,51.12,49.6
6,8,8,49.6,49.03
5,8,8,49.03,49.72
5,7,8,49.72,49.25
4,7,8,49.25,46.94
4,6,8,46.94,45.12
3,6,8,45.12,45.12
3,6,7,45.12,44.75
3,7,7,44.75,46.94
3,7,8,46.94,47.84
3,7,8,47.84,47.4
3,7,7,47.4,48.03
3,7,7,48.03,46.7
3,7,7,46.7,48.4
3,6,7,48.4,45.75
3,7,7,45.75,46.94
3,7,6,46.94,48.3
3,8,6,48.3,48.72
3,8,7,48.72,48.56
2,8,7,48.56,49.06
2,9,7,49.06,49.28
2,9,8,49.28,48.94
1,9,8,48.94,50.12
2,9,8,50.12,48.84
2,9,9,48.84,49.8
2,9,9,48.84,49.8
3,9,9,49.8,49.56
3,9,9,49.8,49.56
3,9,9,49.56,49.94
4,9,9,49.94,50.56
4,8,9,50.56,49.22
3,8,9,49.22,50.8
2,8,9,50.8,49.28
2,8,9,50.8,49.28
3,8,9,49.28,48.0
4,8,9,48.0,49.88
4,7,9,49.88,47.72
3,7,9,47.72,48.25
3,8,9,48.25,48.4
2,8,9,48.4,47.66
2,9,9,47.66,48.97
2,9,9,47.66,48.97
2,9,9,48.97,48.75
2,9,9,48.97,48.75
2,9,9,48.75,49.28
1,9,9,49.28,50.03
1,8,9,50.03,46.88
1,8,9,50.03,46.88
1,8,9,50.03,46.88
2,8,9,46.88,47.7
2,9,9,47.7,50.12
2,9,9,50.12,49.72
3,9,9,49.72,49.4
4,9,9,49.4,49.44
3,9,9,49.44,49.53
3,9,9,49.44,49.53
2,9,9,49.53,49.94
3,9,9,49.94,50.22
3,9,9,50.22,51.0
2,9,9,51.0,50.38
1,9,9,50.38,49.06
1,9,9,50.38,49.06
1,9,9,50.38,49.06
2,9,9,49.06,49.16
2,9,9,49.06,49.16
2,9,8,49.16,49.2
2,9,7,49.2,50.0
1,9,7,50.0,50.06
1,9,7,50.0,50.06
2,9,7,50.06,48.84
2,9,7,48.84,49.88
2,9,7,48.84,49.88
3,9,7,49.88,49.1
3,9,7,49.88,49.1
2,9,7,49.1,50.2
2,9,7,49.1,50.2
1,9,7,50.2,50.06
1,9,7,50.2,50.06
2,9,7,50.06,48.66
1,9,7,48.66,50.12
1,9,7,48.66,50.12
1,9,7,48.66,50.12
1,9,7,48.66,50.12
1,9,7,48.66,50.12
1,9,7,48.66,50.12
1,8,7,50.12,46.97
1,9,7,46.97,47.4
2,9,7,47.4,48.9
2,9,7,48.9,49.75
3,9,7,49.75,49.66
3,9,7,49.66,50.34
3,8,7,50.34,47.94
2,8,7,47.94,46.06
2,8,6,46.06,48.2
2,8,6,48.2,49.12
2,8,6,49.12,47.06
2,7,6,47.06,44.66
2,7,5,44.66,47.06
2,8,5,47.06,48.6
2,8,5,48.6,48.56
2,8,4,48.56,46.56
2,9,4,46.56,50.22
1,9,4,50.22,49.2
1,9,4,50.22,49.2
2,9,4,49.2,49.5
2,9,4,49.5,48.2
3,9,4,48.2,49.06
3,9,4,49.06,49.97
4,9,4,49.97,48.94
3,9,4,48.94,50.34
4,9,4,50.34,50.6
4,9,4,50.34,50.6
4,9,4,50.34,50.6
4,9,4,50.6,50.38
5,9,4,50.38,51.44
5,9,4,50.38,51.44
5,9,4,50.38,51.44
6,9,4,51.44,52.47
5,9,4,52.47,49.88
5,9,5,49.88,51.12
5,9,6,51.12,50.06
5,9,7,50.06,50.94
5,8,7,50.94,51.3
5,7,7,51.3,49.4
4,7,7,49.4,48.0
4,7,7,48.0,45.94
4,7,6,45.94,47.88
3,7,6,47.88,49.28
3,8,6,49.28,49.03
2,8,6,49.03,48.66
2,8,7,48.66,46.1
3,8,7,46.1,48.72
4,8,7,48.72,49.56
4,9,7,49.56,49.7
5,9,7,49.7,50.97
5,9,7,50.97,50.6
5,9,7,50.6,49.88
6,9,7,49.88,50.75
6,9,7,50.75,50.7
6,9,7,50.7,50.12
6,9,7,50.12,51.28
6,8,7,51.28,48.78
6,8,7,51.28,48.78
6,8,8,48.78,49.5
6,7,8,49.5,48.12
5,7,8,48.12,49.8
5,7,8,49.8,49.34
6,7,8,49.34,47.94
5,7,8,47.94,49.4
5,7,7,49.4,49.1
5,8,7,49.1,50.53
5,8,7,50.53,50.3
5,8,7,50.3,50.0
5,8,6,50.0,51.62
5,7,6,51.62,49.12
5,7,5,49.12,49.7
5,6,5,49.7,48.5
6,6,5,48.5,46.94
5,6,5,46.94,48.12
5,6,6,48.12,48.16
5,6,5,48.16,48.84
4,6,5,48.84,48.6
4,5,5,48.6,42.28
5,5,5,42.28,44.12
6,5,5,44.12,43.28
6,5,5,44.12,43.28
6,4,5,43.28,37.8
6,4,5,43.28,37.8
5,4,5,37.8,45.47
5,4,5,45.47,46.34
5,4,5,45.47,46.34
5,4,5,45.47,46.34
5,4,6,46.34,42.28
5,4,5,42.28,42.2
6,4,5,42.2,29.69
6,4,5,29.69,42.16
6,4,6,42.16,34.47
6,4,6,42.16,34.47
6,4,6,42.16,34.47
6,4,5,34.47,35.6
5,4,5,35.6,45.06
5,4,4,45.06,38.28
4,4,4,38.28,45.3
3,4,4,45.3,39.0
2,4,4,39.0,43.12
1,4,4,43.12,46.88
1,4,5,46.88,26.06
1,4,5,46.88,26.06
2,4,5,26.06,25.84
2,4,5,26.06,25.84
3,4,5,25.84,26.67
4,4,5,26.67,32.62
5,4,5,32.62,40.75
5,4,6,40.75,40.12
5,4,6,40.75,40.12
4,4,6,40.12,41.2
4,4,7,41.2,34.47
4,4,6,34.47,40.47
3,4,6,40.47,41.53
3,4,5,41.53,37.88
3,4,6,37.88,33.0
3,4,5,33.0,39.62
3,4,5,33.0,39.62
3,5,5,39.62,36.66
3,6,5,36.66,44.2
3,5,5,44.2,41.53
3,5,4,41.53,42.3
3,4,4,42.3,37.47
4,4,4,37.47,36.6
5,4,4,36.6,42.56
5,4,4,36.6,42.56
5,4,5,42.56,41.3
5,5,5,41.3,45.72
5,6,5,45.72,49.12
5,5,5,49.12,45.94
5,5,4,45.94,43.6
4,5,4,43.6,43.8
3,5,4,43.8,39.8
4,5,4,39.8,44.0
4,4,4,44.0,39.8
4,4,5,39.8,37.62
3,4,5,37.62,38.88
2,4,5,38.88,38.06
3,4,5,38.06,31.92
3,4,4,31.92,36.94
3,4,4,36.94,40.72
4,4,4,40.72,39.1
5,4,4,39.1,40.44
5,4,4,39.1,40.44
5,4,5,40.44,43.28
5,4,5,40.44,43.28
5,4,5,43.28,44.66
6,4,5,44.66,41.12
6,4,6,41.12,38.16
6,4,6,38.16,42.34
5,4,6,42.34,45.97
5,4,5,45.97,43.84
6,4,5,43.84,40.16
6,4,5,43.84,40.16
5,4,5,40.16,48.0
6,4,5,48.0,39.4
6,4,5,39.4,45.78
6,4,6,45.78,36.53
6,4,6,45.78,36.53
5,4,6,36.53,44.88
5,4,5,44.88,44.6
5,5,5,44.6,46.4
5,5,6,46.4,47.12
4,5,6,47.12,45.4
4,6,6,45.4,46.78
5,6,6,46.78,48.1
6,6,6,48.1,47.4
5,6,6,47.4,49.34
6,6,6,49.34,49.25
6,6,6,49.34,49.25
5,6,6,49.25,49.28
6,6,6,49.28,47.56
5,6,6,47.56,49.8
6,6,6,49.8,49.1
6,6,5,49.1,47.1
6,6,5,49.1,47.1
6,6,4,47.1,48.3
6,7,4,48.3,48.34
6,8,4,48.34,49.47
6,8,4,49.47,49.88
6,7,4,49.88,48.25
6,7,4,48.25,49.53
5,7,4,49.53,49.97
5,7,4,49.97,49.72
5,7,4,49.72,49.6
5,7,4,49.6,50.78
5,7,4,49.6,50.78
5,6,4,50.78,50.84
5,5,4,50.84,46.4
5,5,5,46.4,43.34
5,4,5,43.34,42.66
5,5,5,42.66,45.2
5,6,5,45.2,48.88
5,7,5,48.88,48.94
6,7,5,48.94,49.75
6,8,5,49.75,50.2
6,7,5,50.2,48.28
6,6,5,48.28,46.8
6,6,5,46.8,50.22
6,6,5,46.8,50.22
6,6,6,50.22,47.88
6,6,7,47.88,47.56
6,5,7,47.56,44.47
6,5,6,44.47,44.66
5,5,6,44.66,47.6
4,5,6,47.6,44.72
3,5,6,44.72,45.38
3,5,7,45.38,43.6
3,6,7,43.6,45.78
3,6,7,45.78,47.0
4,6,7,47.0,47.0
4,6,8,47.0,46.1
4,6,9,46.1,44.25
4,6,9,44.25,46.0
3,6,9,46.0,45.25
3,6,9,46.0,45.25
3,7,9,45.25,46.62
3,6,9,46.62,43.97
3,5,9,43.97,41.94
3,4,9,41.94,39.2
3,4,9,41.94,39.2
3,4,9,39.2,39.94
3,4,9,39.94,36.06
3,5,9,36.06,41.34
3,4,9,41.34,41.75
3,5,9,41.75,40.66
3,4,9,40.66,33.0
3,5,9,33.0,41.25
2,5,9,41.25,38.34
1,5,9,38.34,45.53
1,6,9,45.53,41.6
2,6,9,41.6,42.34
2,7,9,42.34,46.5
1,7,9,46.5,48.8
1,6,9,48.8,40.5
1,5,9,40.5,37.28
1,6,9,37.28,41.94
1,6,9,41.94,37.66
2,6,9,37.66,41.56
2,6,9,37.66,41.56
1,6,9,41.56,47.94
1,7,9,47.94,45.6
1,7,8,45.6,44.25
1,7,7,44.25,44.16
1,8,7,44.16,44.97
1,8,6,44.97,45.9
1,8,5,45.9,46.12
1,9,5,46.12,48.12
2,9,5,48.12,48.78
3,9,5,48.78,49.16
4,9,5,49.16,50.5
4,9,5,49.16,50.5
4,9,6,50.5,50.0
4,9,7,50.0,49.88
4,8,7,49.88,48.8
4,8,7,48.8,49.6
4,8,6,49.6,48.7
4,7,6,48.7,47.03
4,7,7,47.03,48.53
4,8,7,48.53,48.0
3,8,7,48.0,48.38
2,8,7,48.38,49.4
1,8,7,49.4,48.34
2,8,7,48.34,47.94
2,7,7,47.94,45.62
1,7,7,45.62,45.12
1,8,7,45.12,46.2
1,7,7,46.2,45.28
1,8,7,45.28,45.47
1,7,7,45.47,45.03
1,6,7,45.03,39.22
1,5,7,39.22,36.72
2,5,7,36.72,34.72
2,4,7,34.72,32.4
2,4,6,32.4,35.28
2,4,6,35.28,35.4
2,4,7,35.4,34.16
1,4,7,34.16,36.53
1,4,6,36.53,27.69
1,4,5,27.69,26.47
1,4,6,26.47,27.67
1,4,5,27.67,26.47
1,4,5,26.47,31.67
2,4,5,31.67,23.31
2,5,5,23.31,42.06
2,5,4,42.06,38.94
2,5,4,38.94,41.66
3,5,4,41.66,39.88
2,5,4,39.88,49.2
3,5,4,49.2,39.9
3,4,4,39.9,38.97
3,4,5,38.97,39.44
4,4,5,39.44,34.44
5,4,5,34.44,32.03
4,4,5,32.03,45.72
4,4,5,45.72,44.72
4,4,5,44.72,46.97
4,4,5,46.97,47.12
4,4,5,46.97,47.12
5,4,5,47.12,39.88
5,4,6,39.88,41.53
4,4,6,41.53,41.53
4,4,6,41.53,41.53
4,4,6,41.53,41.53
4,4,6,41.53,41.53
5,4,6,41.53,41.72
5,4,6,41.53,41.72
5,4,6,41.72,46.25
5,4,6,41.72,46.25
6,4,6,46.25,39.78
6,4,6,46.25,39.78
6,4,6,39.78,45.4
6,4,6,45.4,46.6
6,4,6,45.4,46.6
6,4,6,45.4,46.6
6,4,6,45.4,46.6
6,4,6,46.6,43.66
6,4,6,46.6,43.66
6,4,6,43.66,46.84
6,4,6,43.66,46.84
6,4,7,46.84,36.34
5,4,7,36.34,44.12
5,4,7,44.12,46.28
4,4,7,46.28,43.2
3,4,7,43.2,43.12
3,4,7,43.2,43.12
3,4,6,43.12,35.12
3,5,6,35.12,41.44
3,5,7,41.44,40.34
3,4,7,40.34,37.84
3,5,7,37.84,41.12
2,5,7,41.12,43.47
2,5,8,43.47,40.84
2,6,8,40.84,45.1
2,7,8,45.1,46.62
2,7,7,46.62,46.16
2,6,7,46.16,44.6
2,7,7,44.6,45.62
3,7,7,45.62,45.9
3,7,8,45.9,47.62
3,6,8,47.62,43.62
4,6,8,43.62,46.6
4,7,8,46.6,47.7
4,7,9,47.7,46.94
4,6,9,46.94,45.84
3,6,9,45.84,42.6
4,6,9,42.6,46.06
4,7,9,46.06,47.22
4,8,9,47.22,47.97
5,8,9,47.97,49.8
4,8,9,49.8,49.47
4,8,9,49.47,50.0
4,8,9,50.0,48.7
3,8,9,48.7,50.25
3,8,9,50.25,49.47
2,8,9,49.47,50.66
2,8,9,50.66,49.66
2,8,9,49.66,50.06
2,8,9,50.06,49.94
2,7,9,49.94,46.4
2,8,9,46.4,48.72
2,8,9,46.4,48.72
3,8,9,48.72,48.34
3,7,9,48.34,47.75
3,6,9,47.75,45.6
3,7,9,45.6,47.7
4,7,9,47.7,48.2
3,7,9,48.2,50.06
3,7,8,50.06,47.84
3,6,8,47.84,44.34
3,6,7,44.34,45.44
2,6,7,45.44,43.34
1,6,7,43.34,43.2
1,6,7,43.34,43.2
1,6,7,43.34,43.2
1,5,7,43.2,36.78
1,4,7,36.78,24.88
1,4,7,36.78,24.88
1,4,8,24.88,29.33
1,5,8,29.33,37.6
1,6,8,37.6,41.78
1,7,8,41.78,43.12
1,7,9,43.12,42.62
1,6,9,42.62,39.6
1,6,8,39.6,39.4
1,7,8,39.4,43.16
1,6,8,43.16,38.28
1,7,8,38.28,43.9
1,6,8,43.9,43.03
1,6,8,43.9,43.03
1,5,8,43.03,33.66
1,5,8,43.03,33.66
1,6,8,33.66,40.4
2,6,8,40.4,42.06
1,6,8,42.06,49.66
1,5,8,49.66,36.12
1,5,8,36.12,39.7
1,4,8,39.7,26.94
1,4,8,26.94,29.88
1,4,8,29.88,30.67
1,4,9,30.67,22.6
2,4,9,22.6,23.73
2,4,9,22.6,23.73
2,5,9,23.73,42.66
2,5,9,42.66,38.25
2,4,9,38.25,27.47
1,4,9,27.47,37.47
1,4,8,37.47,21.0
1,4,8,37.47,21.0
2,4,8,21.0,19.31
2,4,7,19.31,33.75
3,4,7,33.75,31.33
2,4,7,31.33,47.06
2,4,7,47.06,46.12
2,4,7,47.06,46.12
2,4,7,46.12,47.3
1,4,7,47.3,47.72
1,4,7,47.3,47.72
1,4,8,47.72,26.8
1,4,8,47.72,26.8
1,4,8,47.72,26.8
1,4,8,47.72,26.8
1,4,8,47.72,26.8
1,4,8,47.72,26.8
1,4,9,26.8,22.94
1,5,9,22.94,34.75
1,6,9,34.75,42.28
1,6,9,42.28,35.2
2,6,9,35.2,41.44
2,7,9,41.44,45.9
2,7,8,45.9,45.8
1,7,8,45.8,47.88
1,7,8,47.88,49.8
1,7,8,47.88,49.8
1,6,8,49.8,41.3
1,5,8,41.3,37.7
1,5,9,37.7,39.0
1,5,9,37.7,39.0
1,5,9,37.7,39.0
1,5,9,39.0,39.2
1,5,9,39.0,39.2
1,6,9,39.2,41.6
1,5,9,41.6,36.0
1,5,9,41.6,36.0
2,5,9,36.0,33.25
2,6,9,33.25,44.66
2,6,9,44.66,43.16
2,7,9,43.16,47.34
3,7,9,47.34,45.62
2,7,9,45.62,49.53
2,6,9,49.53,42.6
2,6,8,42.6,45.5
2,5,8,45.5,39.28
1,5,8,39.28,45.06
1,5,8,39.28,45.06
1,6,8,45.06,40.7
1,6,8,40.7,43.47
1,5,8,43.47,38.0
1,5,8,43.47,38.0
1,6,8,38.0,39.97
1,6,7,39.97,40.8
2,6,7,40.8,42.7
2,7,7,42.7,47.06
2,8,7,47.06,48.84
3,8,7,48.84,49.16
4,8,7,49.16,49.9
4,8,8,49.9,49.12
4,8,8,49.12,48.84
4,8,8,48.84,50.0
4,7,8,50.0,48.1
4,6,8,48.1,46.62
4,6,7,46.62,46.66
4,7,7,46.66,47.5
4,7,8,47.5,47.9
4,7,9,47.9,47.3
4,8,9,47.3,48.62
3,8,9,48.62,43.47
3,8,9,43.47,48.22
3,8,9,43.47,48.22
3,9,9,48.22,50.72
3,9,9,48.22,50.72
3,9,9,50.72,49.16
3,9,9,50.72,49.16
3,8,9,49.16,49.25
3,7,9,49.25,48.0
3,7,9,49.25,48.0
3,8,9,48.0,49.53
3,9,9,49.53,48.53
3,9,9,48.53,49.75
2,9,9,49.75,48.25
2,9,9,48.25,52.88
2,8,9,52.88,49.62
2,7,9,49.62,45.03
2,6,9,45.03,46.03
2,6,8,46.03,43.97
2,6,7,43.97,45.88
2,5,7,45.88,43.12
3,5,7,43.12,38.2
3,5,7,38.2,42.72
4,5,7,42.72,40.78
4,4,7,40.78,40.12
4,4,6,40.12,39.84
4,4,6,39.84,42.75
4,5,6,42.75,44.16
4,6,6,44.16,46.6
3,6,6,46.6,46.28
3,7,6,46.28,47.0
3,7,5,47.0,47.4
3,6,5,47.4,43.28
3,7,5,43.28,46.62
2,7,5,46.62,48.47
2,7,5,48.47,47.06
1,7,5,47.06,48.53
2,7,5,48.53,45.62
1,7,5,45.62,49.2
1,7,6,49.2,43.44
1,6,6,43.44,41.4
1,5,6,41.4,37.88
1,4,6,37.88,26.8
1,4,6,26.8,31.88
1,5,6,31.88,36.9
1,5,6,31.88,36.9
1,5,6,36.9,40.66
1,6,6,40.66,40.44
1,6,6,40.66,40.44
1,7,6,40.44,42.97
1,7,6,40.44,42.97
1,7,6,42.97,45.94
1,7,5,45.94,46.25
1,7,5,46.25,45.2
1,8,5,45.2,46.25
1,8,5,45.2,46.25
1,7,5,46.25,43.47
1,7,5,43.47,45.88
1,6,5,45.88,39.72
1,6,5,39.72,37.94
1,6,6,37.94,41.06
1,5,6,41.06,36.34
1,5,6,36.34,39.06
1,5,5,39.06,38.47
1,5,5,38.47,37.47
1,5,6,37.47,33.88
1,6,6,33.88,41.6
1,6,6,41.6,39.06
1,6,7,39.06,43.53
1,5,7,43.53,33.12
1,5,7,33.12,41.53
1,6,7,41.53,39.72
1,6,7,41.53,39.72
1,5,7,39.72,37.47
1,5,6,37.47,36.72
1,5,6,37.47,36.72
1,6,6,36.72,39.88
1,6,7,39.88,41.25
1,7,7,41.25,44.47
1,8,7,44.47,45.62
1,9,7,45.62,48.38
1,9,7,45.62,48.38
1,9,6,48.38,47.9
1,9,6,48.38,47.9
1,9,6,48.38,47.9
1,9,6,48.38,47.9
1,9,6,48.38,47.9
1,9,6,48.38,47.9
1,9,6,48.38,47.9
2,9,6,47.9,48.5
2,9,6,47.9,48.5
2,9,7,48.5,49.5
3,9,7,49.5,48.94
3,9,8,48.94,49.4
3,8,8,49.4,48.9
3,9,8,48.9,48.88
4,9,8,48.88,49.4
4,9,8,49.4,49.66
4,8,8,49.66,48.03
4,8,9,48.03,48.97
4,9,9,48.97,50.03
4,8,9,50.03,49.66
4,9,9,49.66,51.06
4,9,9,49.66,51.06
4,8,9,51.06,48.62
3,8,9,48.62,47.2
3,8,9,47.2,45.53
3,9,9,45.53,49.53
3,9,9,45.53,49.53
3,9,9,49.53,50.12
2,9,9,50.12,49.28
3,9,9,49.28,49.06
3,9,9,49.28,49.06
3,9,9,49.28,49.06
3,9,9,49.28,49.06
3,9,9,49.28,49.06
3,8,9,49.06,50.28
2,8,9,50.28,46.28
2,8,9,46.28,48.53
2,9,9,48.53,49.44
2,9,9,48.53,49.44
1,9,9,49.44,50.06
1,9,9,50.06,50.0
1,8,9,50.0,46.53
1,8,9,50.0,46.53
1,8,9,50.0,46.53
1,8,8,46.53,46.06
1,8,8,46.53,46.06
1,9,8,46.06,47.7
1,9,8,46.06,47.7
2,9,8,47.7,48.38
1,9,8,48.38,49.72
1,9,8,48.38,49.72
1,9,8,48.38,49.72
2,9,8,49.72,48.16
1,9,8,48.16,50.06
1,8,8,50.06,46.47
1,8,8,50.06,46.47
2,8,8,46.47,47.56
2,9,8,47.56,49.25
2,8,8,49.25,49.22
3,8,8,49.22,48.22
3,8,7,48.22,49.78
4,8,7,49.78,48.97
4,8,7,48.97,48.72
5,8,7,48.72,50.22
5,9,7,50.22,50.12
5,9,8,50.12,50.28
6,9,8,50.28,51.72
6,9,9,51.72,49.7
6,9,9,49.7,50.0
6,9,9,49.7,50.0
6,9,9,49.7,50.0
6,9,9,49.7,50.0
6,9,9,49.7,50.0
5,9,9,50.0,50.38
4,9,9,50.38,50.28
4,9,8,50.28,49.9
5,9,8,49.9,51.16
4,9,8,51.16,49.47
4,9,8,51.16,49.47
4,9,8,51.16,49.47
4,9,7,49.47,49.66
4,9,7,49.47,49.66
5,9,7,49.66,51.84
5,9,6,51.84,51.03
5,9,6,51.84,51.03
6,9,6,51.03,49.56
6,9,6,51.03,49.56
6,9,6,51.03,49.56
6,8,6,49.56,49.56
5,8,6,49.56,49.66
5,8,7,49.66,50.25
5,8,7,50.25,49.9
6,8,7,49.9,51.03
6,7,7,51.03,47.88
6,7,7,47.88,49.44
6,7,7,49.44,49.0
6,7,7,49.44,49.0
6,7,6,49.0,48.94
6,7,6,48.94,49.3
6,7,5,49.3,50.62
6,8,5,50.62,49.97
6,8,4,49.97,49.12
6,8,4,49.12,50.22
5,8,4,50.22,50.16
5,8,5,50.16,49.25
5,8,5,49.25,49.88
4,8,5,49.88,49.12
4,9,5,49.12,49.72
4,9,6,49.72,50.16
5,9,6,50.16,50.4
5,9,6,50.4,50.12
5,9,6,50.12,50.28
6,9,6,50.28,50.88
5,9,6,50.88,50.28
5,8,6,50.28,50.7
4,8,6,50.7,48.53
4,9,6,48.53,50.4
4,8,6,50.4,48.97
4,8,6,48.97,49.28
4,8,6,49.28,48.94
4,7,6,48.94,47.44
4,7,7,47.44,47.8
3,7,7,47.8,44.0
3,7,6,44.0,48.3
3,7,6,48.3,48.75
4,7,6,48.75,49.25
3,7,6,49.25,49.88
3,8,6,49.88,48.9
3,9,6,48.9,50.2
3,8,6,50.2,49.06
2,8,6,49.06,46.94
2,9,6,46.94,49.47
2,9,5,49.47,50.25
2,9,5,49.47,50.25
2,9,5,49.47,50.25
3,9,5,50.25,49.38
3,9,5,49.38,50.22
3,8,5,50.22,49.28
2,8,5,49.28,48.34
1,8,5,48.34,50.0
2,8,5,50.0,48.2
2,9,5,48.2,49.75
2,9,6,49.75,49.6
2,9,7,49.6,48.38
1,9,7,48.38,49.8
1,9,7,48.38,49.8
1,8,7,49.8,45.47
2,8,7,45.47,47.4
2,9,7,47.4,50.28
3,9,7,50.28,49.44
4,9,7,49.44,50.62
4,9,7,49.44,50.62
5,9,7,50.62,50.2
5,8,7,50.2,49.97
4,8,7,49.97,49.12
4,7,7,49.12,48.2
4,8,7,48.2,48.75
5,8,7,48.75,50.03
5,9,7,50.03,51.28
5,8,7,51.28,50.25
4,8,7,50.25,50.4
4,8,6,50.4,49.62
3,8,6,49.62,48.2
3,8,6,48.2,49.66
3,8,7,49.66,48.75
3,9,7,48.75,49.66
3,9,8,49.66,49.75
3,9,8,49.66,49.75
3,9,7,49.75,48.7
3,9,7,49.75,48.7
3,9,7,49.75,48.7
4,9,7,48.7,49.4
4,9,7,48.7,49.4
4,9,7,48.7,49.4
4,8,7,49.4,49.2
3,8,7,49.2,49.47
3,7,7,49.47,47.56
3,8,7,47.56,49.66
4,8,7,49.66,49.12
4,8,6,49.12,49.06
3,8,6,49.06,49.0
3,8,5,49.0,48.7
3,9,5,48.7,49.06
2,9,5,49.06,46.8
2,9,5,49.06,46.8
2,9,6,46.8,49.44
2,9,5,49.44,49.7
1,9,5,49.7,49.12
1,9,5,49.7,49.12
1,9,5,49.7,49.12
1,8,5,49.12,45.28
1,8,6,45.28,46.4
1,7,6,46.4,43.62
1,7,6,46.4,43.62
1,6,6,43.62,42.66
1,6,6,43.62,42.66
1,6,7,42.66,39.88
1,6,8,39.88,43.78
1,6,8,39.88,43.78
1,7,8,43.78,43.16
1,6,8,43.16,41.8
1,5,8,41.8,39.06
1,6,8,39.06,40.44
1,7,8,40.44,44.12
2,7,8,44.12,46.28
3,7,8,46.28,46.72
3,6,8,46.72,43.9
3,6,7,43.9,44.97
3,5,7,44.97,38.47
4,5,7,38.47,41.9
4,5,8,41.9,45.2
4,5,8,45.2,43.78
3,5,8,43.78,40.4
3,5,7,40.4,41.4
3,5,7,41.4,43.7
2,5,7,43.7,46.2
2,4,7,46.2,35.0
2,4,8,35.0,36.22
2,4,8,35.0,36.22
2,4,8,35.0,36.22
2,4,8,35.0,36.22
2,5,8,36.22,40.66
2,5,8,40.66,42.3
1,5,8,42.3,43.2
1,5,7,43.2,34.72
1,6,7,34.72,40.88
1,7,7,40.88,41.94
1,8,7,41.94,45.9
2,8,7,45.9,48.0
2,9,7,48.0,49.56
2,9,7,48.0,49.56
2,8,7,49.56,48.25
2,9,7,48.25,48.94
2,9,7,48.25,48.94
2,8,7,48.94,48.84
2,7,7,48.84,45.94
3,7,7,45.94,46.06
3,7,6,46.06,46.53
3,8,6,46.53,49.72
3,8,5,49.72,48.9
3,9,5,48.9,49.66
4,9,5,49.66,49.5
3,9,5,49.5,49.72
4,9,5,49.72,50.0
4,9,6,50.0,50.1
4,9,6,50.0,50.1
5,9,6,50.1,50.8
5,9,6,50.1,50.8
6,9,6,50.8,49.84
6,9,6,49.84,50.4
6,8,6,50.4,48.94
6,8,7,48.94,49.2
6,8,7,48.94,49.2
6,8,7,49.2,49.78
5,8,7,49.78,50.0
5,9,7,50.0,50.2
5,9,8,50.2,50.12
5,8,8,50.12,51.03
5,9,8,51.03,50.22
5,9,8,51.03,50.22
5,8,8,50.22,49.9
6,8,8,49.9,50.28
6,7,8,50.28,47.88
6,8,8,47.88,49.25
6,8,8,47.88,49.25
6,9,8,49.25,49.94
6,9,8,49.25,49.94
5,9,8,49.94,49.94
5,9,8,49.94,50.0
4,9,8,50.0,49.66
4,9,7,49.66,50.5
4,8,7,50.5,48.34
4,7,7,48.34,47.78
4,8,7,47.78,49.03
4,9,7,49.03,50.6
4,9,7,50.6,50.16
5,9,7,50.16,50.16
6,9,7,50.16,51.0
6,9,6,51.0,49.75
5,9,6,49.75,49.88
5,9,7,49.88,50.44
5,9,6,50.44,50.78
6,9,6,50.78,51.62
6,9,6,51.62,50.7
5,9,6,50.7,50.84
5,9,6,50.7,50.84
5,8,6,50.84,49.88
4,8,6,49.88,47.72
3,8,6,47.72,49.6
2,8,6,49.6,47.06
3,8,6,47.06,48.03
3,9,6,48.03,48.88
3,9,6,48.03,48.88
3,9,6,48.03,48.88
3,9,6,48.03,48.88
4,9,6,48.88,50.3
4,8,6,50.3,48.66
4,7,6,48.66,47.8
4,7,6,47.8,47.6
4,7,7,47.6,46.47
4,8,7,46.47,50.06
4,8,7,50.06,49.38
4,9,7,49.38,49.75
4,8,7,49.75,48.72
5,8,7,48.72,50.22
5,9,7,50.22,51.47
4,9,7,51.47,49.6
4,9,7,51.47,49.6
5,9,7,49.6,51.72
5,9,7,51.72,49.88
4,9,7,49.88,49.72
4,9,7,49.88,49.72
4,8,7,49.72,48.44
3,8,7,48.44,49.34
3,8,6,49.34,48.44
3,8,5,48.44,50.1
3,8,5,50.1,49.12
2,8,5,49.12,47.72
2,9,5,47.72,49.62
2,9,6,49.62,50.25
2,8,6,50.25,48.94
2,7,6,48.94,44.5
2,6,6,44.5,43.72
2,6,5,43.72,44.5
2,7,5,44.5,46.75
2,7,4,46.75,44.8
2,7,4,46.75,44.8
2,6,4,44.8,45.25
2,6,5,45.25,42.4
2,6,6,42.4,43.9
2,6,6,43.9,46.06
2,7,6,46.06,46.28
2,7,7,46.28,45.16
2,8,7,45.16,49.16
2,8,8,49.16,47.03
2,9,8,47.03,49.34
1,9,8,49.34,50.0
2,9,8,50.0,48.25
2,9,8,48.25,49.6
3,9,8,49.6,49.38
3,9,8,49.6,49.38
3,9,8,49.6,49.38
4,9,8,49.38,49.6
3,9,8,49.6,49.66
3,9,7,49.66,49.78
3,9,6,49.78,50.06
3,9,6,49.78,50.06
4,9,6,50.06,51.22
4,9,6,50.06,51.22
4,9,6,50.06,51.22
4,9,6,50.06,51.22
4,9,6,51.22,49.84
4,9,6,49.84,49.2
5,9,6,49.2,51.06
5,9,6,49.2,51.06
5,9,5,51.06,49.94
4,9,5,49.94,48.88
3,9,5,48.88,50.06
3,9,5,48.88,50.06
3,9,5,50.06,46.94
3,8,5,46.94,49.44
3,9,5,49.44,50.03
2,9,5,50.03,49.88
1,9,5,49.88,49.47
1,9,6,49.47,47.6
1,9,6,49.47,47.6
2,9,6,47.6,48.8
2,9,5,48.8,49.5
2,9,5,48.8,49.5
1,9,5,49.5,49.2
1,9,5,49.5,49.2
1,9,5,49.2,49.47
1,9,6,49.47,47.62
1,9,6,47.62,48.28
1,9,6,47.62,48.28
1,9,7,48.28,47.28
1,8,7,47.28,46.3
2,8,7,46.3,47.72
2,9,7,47.72,49.44
3,9,7,49.44,48.34
3,8,7,48.34,49.34
3,9,7,49.34,50.1
3,9,7,49.34,50.1
3,9,7,49.34,50.1
3,9,7,49.34,50.1
4,9,7,50.1,49.78
4,8,7,49.78,48.94
3,8,7,48.94,47.12
3,8,7,47.12,49.4
4,8,7,49.4,48.94
4,9,7,48.94,49.88
4,9,7,48.94,49.88
5,9,7,49.88,50.28
5,9,7,49.88,50.28
5,9,7,49.88,50.28
5,8,7,50.28,50.9
5,8,8,50.9,49.88
4,8,8,49.88,48.88
3,8,8,48.88,48.06
3,7,8,48.06,46.6
4,7,8,46.6,46.9
4,7,8,46.9,48.84
4,8,8,48.84,49.03
3,8,8,49.03,48.53
2,8,8,48.53,48.8
2,9,8,48.8,49.1
2,8,8,49.1,48.97
2,8,8,48.97,49.3
2,8,7,49.3,46.88
2,7,7,46.88,47.88
2,7,6,47.88,44.56
1,7,6,44.56,46.88
1,8,6,46.88,46.62
1,8,7,46.62,45.97
1,7,7,45.97,43.97
1,8,7,43.97,44.34
1,8,7,43.97,44.34
2,8,7,44.34,47.56
1,8,7,47.56,49.6
1,8,8,49.6,46.34
1,9,8,46.34,48.16
1,8,8,48.16,45.44
2,8,8,45.44,47.47
2,7,8,47.47,45.03
1,7,8,45.03,44.34
1,7,8,44.34,48.66
2,7,8,48.66,44.16
2,8,8,44.16,47.8
3,8,8,47.8,47.75
3,8,8,47.75,47.78
3,9,8,47.78,49.12
3,9,8,47.78,49.12
4,9,8,49.12,49.34
3,9,8,49.34,50.06
4,9,8,50.06,49.75
4,9,8,50.06,49.75
4,9,7,49.75,49.84
5,9,7,49.84,51.8
5,8,7,51.8,50.25
5,7,7,50.25,49.6
5,7,8,49.6,49.75
5,8,8,49.75,50.28
5,7,8,50.28,48.75
5,8,8,48.75,49.97
6,8,8,49.97,48.94
6,7,8,48.94,48.7
6,6,8,48.7,46.28
6,6,8,48.7,46.28
6,6,8,48.7,46.28
6,7,8,46.28,48.25
6,8,8,48.25,49.34
6,8,8,48.25,49.34
5,8,8,49.34,50.06
5,7,8,50.06,49.22
5,7,9,49.22,49.44
5,7,9,49.22,49.44
5,7,9,49.44,49.47
5,7,8,49.47,46.84
5,8,8,46.84,50.78
4,8,8,50.78,48.8
4,9,8,48.8,50.62
4,9,8,48.8,50.62
5,9,8,50.62,50.7
5,9,8,50.62,50.7
5,9,7,50.7,50.66
5,9,7,50.66,50.22
5,9,6,50.22,49.8
5,8,6,49.8,50.66
6,8,6,50.66,49.84
6,7,6,49.84,48.53
5,7,6,48.53,49.4
4,7,6,49.4,47.34
4,6,6,47.34,47.56
5,6,6,47.56,49.3
6,6,6,49.3,47.78
6,7,6,47.78,49.5
6,7,6,49.5,49.88
6,8,6,49.88,48.94
6,8,6,49.88,48.94
6,9,6,48.94,49.88
6,9,6,48.94,49.88
6,9,6,49.88,50.38
5,9,6,50.38,50.28
5,9,6,50.38,50.28
4,9,6,50.28,50.38
4,9,7,50.38,49.38
4,8,7,49.38,48.53
4,8,7,48.53,50.9
4,7,7,50.9,47.56
4,8,7,47.56,48.94
4,9,7,48.94,49.6
3,9,7,49.6,48.2
3,9,7,49.6,48.2
4,9,7,48.2,50.75
5,9,7,50.75,51.84
4,9,7,51.84,50.28
4,8,7,50.28,48.84
5,8,7,48.84,50.8
5,7,7,50.8,50.12
5,7,8,50.12,50.12
5,8,8,50.12,50.4
5,8,7,50.4,49.94
5,9,7,49.94,51.44
6,9,7,51.44,52.2
6,9,6,52.2,50.06
6,9,7,50.06,50.16
6,9,7,50.06,50.16
5,9,7,50.16,50.12
5,9,7,50.16,50.12
5,9,7,50.16,50.12
5,9,6,50.12,50.25
4,9,6,50.25,49.8
4,8,6,49.8,49.78
4,7,6,49.78,47.38
4,8,6,47.38,49.06
5,8,6,49.06,51.56
5,8,6,51.56,51.44
5,7,6,51.44,48.56
5,6,6,48.56,49.16
5,6,5,49.16,48.97
5,6,5,48.97,48.6
4,6,5,48.6,46.62
5,6,5,46.62,49.2
6,6,5,49.2,48.0
6,5,5,48.0,46.47
5,5,5,46.47,46.6
6,5,5,46.6,45.47
6,6,5,45.47,46.34
6,6,5,46.34,47.53
5,6,5,47.53,49.47
5,7,5,49.47,48.44
5,8,5,48.44,50.03
5,9,5,50.03,51.0
4,9,5,51.0,49.72
4,9,5,49.72,49.8
4,9,5,49.72,49.8
4,9,4,49.8,49.6
4,9,5,49.6,49.56
4,8,5,49.56,49.38
4,9,5,49.38,50.44
4,8,5,50.44,47.3
3,8,5,47.3,49.66
4,8,5,49.66,48.38
5,8,5,48.38,50.47
4,8,5,50.47,51.66
4,8,5,51.66,49.8
5,8,5,49.8,50.28
6,8,5,50.28,51.22
5,8,5,51.22,50.34
5,7,5,50.34,49.38
5,7,4,49.38,50.22
5,8,4,50.22,50.94
5,9,4,50.94,50.38
5,8,4,50.38,50.3
5,9,4,50.3,49.75
5,8,4,49.75,50.4
5,7,4,50.4,49.88
5,8,4,49.88,51.2
4,8,4,51.2,49.06
4,7,4,49.06,48.16
4,7,4,48.16,47.0
4,7,4,47.0,46.66
4,6,4,46.66,46.06
4,5,4,46.06,44.6
4,5,4,44.6,44.4
4,5,4,44.6,44.4
5,5,4,44.4,45.28
5,6,4,45.28,48.72
5,5,4,48.72,46.2
5,5,5,46.2,44.78
5,4,5,44.78,41.16
5,4,6,41.16,36.94
5,5,6,36.94,44.97
5,4,6,44.97,40.8
4,4,6,40.8,41.6
4,5,6,41.6,43.0
5,5,6,43.0,45.4
5,5,6,45.4,47.78
5,6,6,47.78,51.1
6,6,6,51.1,45.66
6,6,6,45.66,48.3
6,5,6,48.3,45.16
6,5,6,48.3,45.16
6,5,6,45.16,45.9
6,6,6,45.9,48.66
6,6,6,48.66,48.47
5,6,6,48.47,48.78
5,7,6,48.78,49.62
5,7,6,49.62,49.78
5,6,6,49.78,49.66
5,7,6,49.66,48.78
5,6,6,48.78,47.88
5,7,6,47.88,48.84
5,7,7,48.84,50.72
5,8,7,50.72,49.97
5,8,7,49.97,49.9
5,8,7,49.9,49.6
6,8,7,49.6,50.12
6,9,7,50.12,50.5
5,9,7,50.5,49.72
4,9,7,49.72,49.94
3,9,7,49.94,48.06
2,9,7,48.06,48.44
3,9,7,48.44,49.0
4,9,7,49.0,50.78
4,9,7,50.78,50.4
3,9,7,50.4,49.97
3,9,7,50.4,49.97
4,9,7,49.97,49.97
4,9,7,49.97,50.44
4,9,8,50.44,49.78
4,9,8,50.44,49.78
4,8,8,49.78,49.22
3,8,8,49.22,49.12
3,9,8,49.12,49.1
3,9,8,49.12,49.1
4,9,8,49.1,49.16
5,9,8,49.16,51.03
5,9,8,49.16,51.03
5,9,9,51.03,50.6
5,8,9,50.6,50.28
5,7,9,50.28,49.75
5,7,9,50.28,49.75
5,6,9,49.75,49.6
5,7,9,49.6,49.88
4,7,9,49.88,48.53
5,7,9,48.53,50.03
6,7,9,50.03,48.88
6,8,9,48.88,49.84
5,8,9,49.84,50.0
6,8,9,50.0,50.8
6,8,9,50.8,49.84
5,8,9,49.84,50.4
5,9,9,50.4,50.38
5,8,9,50.38,49.78
4,8,9,49.78,48.53
4,7,9,48.53,47.06
4,7,8,47.06,48.38
4,6,8,48.38,46.5
4,6,8,46.5,48.47
4,5,8,48.47,44.3
4,4,8,44.3,36.38
5,4,8,36.38,34.38
6,4,8,34.38,34.75
6,5,8,34.75,44.34
6,6,8,44.34,46.88
6,6,8,44.34,46.88
6,6,7,46.88,46.56
5,6,7,46.56,48.66
6,6,7,48.66,47.2
6,7,7,47.2,49.34
6,8,7,49.34,50.06
6,8,6,50.06,49.78
6,7,6,49.78,47.88
6,6,6,47.88,46.8
5,6,6,46.8,49.8
4,6,6,49.8,45.2
5,6,6,45.2,48.1
6,6,6,48.1,48.16
6,6,5,48.16,47.6
6,6,6,47.6,46.66
6,7,6,46.66,48.5
6,6,6,48.5,46.03
6,7,6,46.03,48.62
6,8,6,48.62,49.34
6,8,6,48.62,49.34
6,9,6,49.34,50.28
6,9,6,49.34,50.28
6,8,6,50.28,49.66
6,9,6,49.66,50.12
6,8,6,50.12,49.28
6,7,6,49.28,48.8
5,7,6,48.8,49.06
5,8,6,49.06,50.7
6,8,6,50.7,49.7
6,7,6,49.7,48.2
6,7,6,48.2,49.53
6,8,6,49.53,48.84
5,8,6,48.84,49.47
5,9,6,49.47,50.25
5,9,7,50.25,49.94
4,9,7,49.94,49.72
5,9,7,49.72,52.38
4,9,7,52.38,49.72
5,9,7,49.72,50.62
5,8,7,50.62,50.28
4,8,7,50.28,49.1
4,8,6,49.1,49.0
4,7,6,49.0,47.56
5,7,6,47.56,49.5
5,6,6,49.5,48.62
5,7,6,48.62,49.3
5,7,6,49.3,49.84
5,8,6,49.84,50.84
5,7,6,50.84,49.88
5,6,6,49.88,48.34
5,5,6,48.34,45.06
5,5,7,45.06,47.16
5,6,7,47.16,49.84
5,6,7,49.84,48.53
6,6,7,48.53,48.97
6,7,7,48.97,48.16
6,6,7,48.16,46.12
6,5,7,46.12,43.6
5,5,7,43.6,48.34
5,4,7,48.34,42.38
5,4,7,48.34,42.38
5,4,7,48.34,42.38
4,4,7,42.38,42.8
5,4,7,42.8,42.22
5,4,7,42.8,42.22
6,4,7,42.22,38.38
5,4,7,38.38,48.6
5,4,6,48.6,41.8
6,4,6,41.8,40.2
6,4,6,41.8,40.2
6,4,6,41.8,40.2
6,4,6,41.8,40.2
6,4,6,41.8,40.2
6,4,6,41.8,40.2
6,5,6,40.2,42.5
5,5,6,42.5,48.84
5,5,7,48.84,47.84
5,5,7,47.84,48.0
4,5,7,48.0,44.56
5,5,7,44.56,48.0
5,4,7,48.0,37.88
6,4,7,37.88,40.5
6,4,7,40.5,43.0
6,4,6,43.0,37.06
6,5,6,37.06,44.38
6,6,6,44.38,47.34
6,5,6,47.34,43.53
6,5,6,43.53,45.6
6,5,6,45.6,45.06
6,6,6,45.06,46.72
6,7,6,46.72,49.75
6,8,6,49.75,49.2
6,9,6,49.2,49.72
6,9,6,49.2,49.72
6,9,6,49.2,49.72
6,9,6,49.2,49.72
5,9,6,49.72,49.94
5,9,6,49.72,49.94
5,9,7,49.94,51.12
5,8,7,51.12,49.62
5,8,7,49.62,49.78
5,7,7,49.78,49.75
5,6,7,49.75,48.38
5,5,7,48.38,46.8
5,5,8,46.8,46.34
4,5,8,46.34,46.66
4,5,7,46.66,42.47
4,6,7,42.47,46.94
5,6,7,46.94,48.38
5,6,7,48.38,48.6
6,6,7,48.6,48.47
6,6,7,48.47,48.34
6,6,7,48.47,48.34
6,6,7,48.34,47.53
6,6,8,47.53,47.1
6,5,8,47.1,43.53
6,5,8,43.53,44.03
6,5,7,44.03,43.25
5,5,7,43.25,47.72
6,5,7,47.72,43.66
6,4,7,43.66,33.66
6,4,7,33.66,43.75
6,4,7,43.75,43.66
6,5,7,43.66,44.12
5,5,7,44.12,48.06
5,4,7,48.06,41.06
5,5,7,41.06,48.16
5,4,7,48.16,43.22
5,4,7,48.16,43.22
5,5,7,43.22,44.4
5,4,7,44.4,40.94
6,4,7,40.94,33.53
6,4,6,33.53,37.78
6,5,6,37.78,45.28
5,5,6,45.28,47.53
5,6,6,47.53,48.88
5,5,6,48.88,45.47
5,4,6,45.47,42.53
5,5,6,42.53,46.84
4,5,6,46.84,43.12
4,6,6,43.12,46.1
4,7,6,46.1,48.06
4,7,6,48.06,48.16
4,8,6,48.16,48.94
4,8,7,48.94,48.84
4,9,7,48.84,49.88
4,9,6,49.88,49.88
4,9,6,49.88,50.06
3,9,6,50.06,49.94
3,9,5,49.94,49.5
3,9,5,49.94,49.5
4,9,5,49.5,49.6
4,9,5,49.5,49.6
4,9,5,49.5,49.6
4,9,5,49.5,49.6
4,9,5,49.5,49.6
4,9,5,49.5,49.6
4,8,5,49.6,48.72
4,8,6,48.72,48.8
3,8,6,48.8,46.4
3,8,5,46.4,49.16
3,9,5,49.16,50.0
3,9,4,50.0,49.53
3,9,5,49.53,50.1
3,8,5,50.1,48.6
4,8,5,48.6,48.2
4,8,5,48.2,49.44
4,9,5,49.44,49.44
4,9,4,49.44,49.72
4,8,4,49.72,49.3
4,8,4,49.3,50.34
5,8,4,50.34,50.66
5,9,4,50.66,50.75
4,9,4,50.75,50.2
4,8,4,50.2,49.78
4,7,4,49.78,47.7
4,8,4,47.7,49.2
3,8,4,49.2,49.4
3,8,4,49.4,48.47
3,7,4,48.47,47.38
2,7,4,47.38,45.0
2,7,4,47.38,45.0
1,7,4,45.0,48.94
1,7,4,45.0,48.94
1,8,4,48.94,47.4
1,9,4,47.4,47.9
1,9,4,47.9,47.72
1,9,4,47.9,47.72
2,9,4,47.72,48.16
3,9,4,48.16,49.03
3,8,4,49.03,49.1
3,9,4,49.1,50.44
3,8,4,50.44,48.44
3,8,4,48.44,50.06
3,8,4,48.44,50.06
3,8,4,50.06,46.34
2,8,4,46.34,46.6
2,8,4,46.34,46.6
3,8,4,46.6,49.2
3,8,4,46.6,49.2
3,7,4,49.2,47.47
4,7,4,47.47,48.0
3,7,4,48.0,49.4
3,6,4,49.4,45.28
2,6,4,45.28,47.06
2,6,5,47.06,45.88
2,6,6,45.88,45.03
2,6,5,45.03,45.25
2,7,5,45.25,47.25
2,7,4,47.25,45.0
2,6,4,45.0,44.78
2,7,4,44.78,46.72
2,6,4,46.72,46.16
2,7,4,46.16,47.03
2,8,4,47.03,47.72
2,9,4,47.72,49.34
2,8,4,49.34,48.66
2,9,4,48.66,49.2
2,9,4,48.66,49.2
2,9,4,48.66,49.2
2,9,4,48.66,49.2
2,8,4,49.2,48.72
2,8,4,48.72,47.97
3,8,4,47.97,48.84
3,8,4,48.84,49.8
2,8,4,49.8,50.2
2,8,4,50.2,50.06
2,9,4,50.06,48.78
2,9,4,50.06,48.78
2,9,4,48.78,49.0
2,8,4,49.0,49.72
1,8,4,49.72,46.03
1,7,4,46.03,42.5
1,7,4,46.03,42.5
1,6,4,42.5,41.75
1,7,4,41.75,44.75
1,6,4,44.75,40.8
1,6,4,44.75,40.8
1,6,5,40.8,39.56
2,6,5,39.56,42.75
1,6,5,42.75,48.88
2,6,5,48.88,43.1
2,6,5,43.1,45.8
2,5,5,45.8,41.6
3,5,5,41.6,38.5
3,5,4,38.5,42.72
3,6,4,42.72,40.66
3,6,5,40.66,45.6
3,7,5,45.6,49.2
4,7,5,49.2,47.3
4,8,5,47.3,49.38
4,8,6,49.38,48.72
4,8,6,48.72,50.28
3,8,6,50.28,49.6
3,7,6,49.6,46.56
3,8,6,46.56,49.84
3,8,5,49.84,49.84
4,8,5,49.84,49.22
4,8,5,49.22,49.94
3,8,5,49.94,51.0
2,8,5,51.0,50.16
2,7,5,50.16,45.94
3,7,5,45.94,45.72
4,7,5,45.72,48.62
4,8,5,48.62,48.78
4,9,5,48.78,50.47
5,9,5,50.47,51.1
5,8,5,51.1,50.03
4,8,5,50.03,49.34
5,8,5,49.34,51.88
4,8,5,51.88,49.2
4,8,4,49.2,49.38
4,9,4,49.38,50.22
4,9,4,50.22,49.88
5,9,4,49.88,51.4
5,8,4,51.4,50.3
5,8,4,50.3,49.6
5,9,4,49.6,50.06
4,9,4,50.06,48.6
4,9,4,48.6,50.0
3,9,4,50.0,49.0
2,9,4,49.0,49.8
2,9,4,49.0,49.8
3,9,4,49.8,50.16
3,9,4,49.8,50.16
3,9,4,50.16,50.22
3,9,5,50.22,49.34
3,9,4,49.34,49.62
3,9,4,49.34,49.62
4,9,4,49.62,49.28
3,9,4,49.28,48.06
3,8,4,48.06,48.72
3,8,4,48.06,48.72
3,7,4,48.72,47.88
3,7,4,48.72,47.88
3,7,4,47.88,48.78
3,8,4,48.78,49.3
4,8,4,49.3,49.44
4,7,4,49.44,46.78
3,7,4,46.78,48.88
4,7,4,48.88,48.56
4,7,4,48.56,48.66
4,6,4,48.66,46.3
5,6,4,46.3,48.84
5,7,4,48.84,49.12
4,7,4,49.12,47.12
3,7,4,47.12,44.72
3,7,4,44.72,49.12
4,7,4,49.12,47.88
3,7,4,47.88,47.88
2,7,4,47.88,49.53
2,8,4,49.53,47.8
2,9,4,47.8,49.5
2,9,4,47.8,49.5
2,9,4,47.8,49.5
2,9,4,47.8,49.5
1,9,4,49.5,49.88
1,9,4,49.5,49.88
2,9,4,49.88,49.5
2,9,5,49.5,49.3
2,9,5,49.5,49.3
3,9,5,49.3,49.38
2,9,5,49.38,49.94
2,8,5,49.94,48.44
3,8,5,48.44,48.38
2,8,5,48.38,50.12
2,8,5,50.12,50.12
2,9,5,50.12,49.62
2,8,5,49.62,48.8
1,8,5,48.8,48.88
1,8,4,48.88,46.97
1,9,4,46.97,48.56
1,9,4,46.97,48.56
1,8,4,48.56,45.3
1,9,4,45.3,47.3
1,9,4,47.3,47.16
1,9,4,47.16,48.06
1,8,4,48.06,45.88
1,9,4,45.88,47.84
1,9,4,47.84,49.06
1,9,4,49.06,48.47
1,9,4,49.06,48.47
1,9,4,49.06,48.47
1,9,4,49.06,48.47
1,9,4,49.06,48.47
1,9,4,49.06,48.47
2,9,4,48.47,49.1
3,9,4,49.1,49.5
3,9,4,49.5,51.0
3,8,4,51.0,48.12
3,8,5,48.12,49.5
3,9,5,49.5,50.0
2,9,5,50.0,48.47
3,9,5,48.47,49.03
3,9,5,49.03,50.0
3,8,5,50.0,48.6
3,8,4,48.6,48.8
3,8,4,48.6,48.8
2,8,4,48.8,48.06
2,8,5,48.06,47.6
2,9,5,47.6,50.1
2,8,5,50.1,46.97
3,8,5,46.97,48.25
3,9,5,48.25,49.38
2,9,5,49.38,49.72
2,9,5,49.38,49.72
1,9,5,49.72,50.12
1,8,5,50.12,45.62
1,8,5,50.12,45.62
1,9,5,45.62,46.72
1,9,4,46.72,46.2
1,9,4,46.72,46.2
2,9,4,46.2,48.34
2,8,4,48.34,47.22
2,8,4,48.34,47.22
3,8,4,47.22,48.22
3,8,4,48.22,48.6
3,7,4,48.6,47.1
4,7,4,47.1,47.94
4,8,4,47.94,49.06
4,7,4,49.06,48.12
3,7,4,48.12,47.6
3,6,4,47.6,43.5
3,6,4,43.5,45.25
3,7,4,45.25,46.03
4,7,4,46.03,47.56
4,6,4,47.56,46.16
4,7,4,46.16,47.72
4,6,4,47.72,45.66
4,6,5,45.66,47.0
5,6,5,47.0,49.1
5,5,5,49.1,45.94
5,6,5,45.94,48.34
5,7,5,48.34,49.97
5,7,6,49.97,49.75
6,7,6,49.75,49.22
6,6,6,49.22,46.3
6,7,6,46.3,49.25
5,7,6,49.25,49.53
5,8,6,49.53,49.88
5,7,6,49.88,48.7
5,8,6,48.7,49.8
5,9,6,49.8,48.6
4,9,6,48.6,49.88
4,9,5,49.88,49.6
3,9,5,49.6,49.2
3,8,5,49.2,48.8
3,7,5,48.8,47.66
3,7,4,47.66,48.3
2,7,4,48.3,48.53
1,7,4,48.53,49.47
1,6,4,49.47,43.03
1,6,5,43.03,42.53
1,6,5,43.03,42.53
1,6,5,43.03,42.53
1,7,5,42.53,43.47
2,7,5,43.47,45.12
2,7,5,45.12,46.6
2,7,4,46.6,45.25
2,8,4,45.25,48.34
2,9,4,48.34,49.2
2,9,5,49.2,50.44
3,9,5,50.44,49.44
2,9,5,49.44,50.12
1,9,5,50.12,50.06
1,9,5,50.12,50.06
1,9,5,50.06,50.0
1,8,5,50.0,45.25
1,7,5,45.25,44.4
1,8,5,44.4,46.3
1,8,5,44.4,46.3
1,8,5,44.4,46.3
2,8,5,46.3,47.72
2,7,5,47.72,45.38
2,8,5,45.38,48.6
1,8,5,48.6,48.8
1,7,5,48.8,44.47
1,7,4,44.47,44.5
1,6,4,44.5,40.4
1,6,4,44.5,40.4
2,6,4,40.4,42.66
2,7,4,42.66,46.28
3,7,4,46.28,46.25
3,6,4,46.25,45.12
4,6,4,45.12,44.53
3,6,4,44.53,49.47
3,6,5,49.47,45.75
3,6,5,45.75,46.94
2,6,5,46.94,45.66
1,6,5,45.66,49.6
2,6,5,49.6,42.06
2,6,5,42.06,46.2
2,7,5,46.2,46.22
2,6,5,46.22,43.88
1,6,5,43.88,46.88
1,6,5,43.88,46.88
1,6,4,46.88,42.34
1,6,5,42.34,39.84
1,5,5,39.84,36.8
2,5,5,36.8,36.22
2,5,6,36.22,42.25
2,6,6,42.25,44.62
1,6,6,44.62,42.2
2,6,6,42.2,41.94
2,5,6,41.94,41.53
2,5,5,41.53,40.66
2,5,5,40.66,40.2
1,5,5,40.2,48.72
1,6,5,48.72,41.47
1,5,5,41.47,39.28
1,6,5,39.28,40.28
1,7,5,40.28,43.94
1,7,5,40.28,43.94
1,7,6,43.94,43.97
1,8,6,43.97,46.3
1,9,6,46.3,47.56
1,9,6,46.3,47.56
1,9,6,46.3,47.56
2,9,6,47.56,48.5
2,9,6,47.56,48.5
2,9,6,47.56,48.5
2,8,6,48.5,47.94
2,8,5,47.94,47.12
2,9,5,47.12,50.0
2,9,5,50.0,49.34
2,8,5,49.34,48.47
2,8,4,48.47,47.9
2,8,4,47.9,47.72
2,7,4,47.72,45.78
2,7,4,45.78,46.84
3,7,4,46.84,46.6
3,8,4,46.6,48.34
3,7,4,48.34,47.3
3,8,4,47.3,48.97
3,8,4,48.97,48.12
2,8,4,48.12,49.88
1,8,4,49.88,49.8
1,9,4,49.8,47.22
1,8,4,47.22,45.88
1,9,4,45.88,47.25
1,9,4,47.25,47.47
2,9,4,47.47,48.25
2,9,4,47.47,48.25
3,9,4,48.25,49.34
4,9,4,49.34,49.7
4,8,4,49.7,49.1
4,7,4,49.1,47.7
4,7,4,49.1,47.7
4,6,4,47.7,46.1
4,6,4,47.7,46.1
5,6,4,46.1,48.06
6,6,4,48.06,47.3
6,5,4,47.3,43.38
6,4,4,43.38,36.25
6,5,4,36.25,43.62
6,6,4,43.62,45.84
6,5,4,45.84,44.5
6,5,5,44.5,44.03
6,4,5,44.03,36.44
6,4,5,44.03,36.44
6,4,5,44.03,36.44
6,5,5,36.44,44.8
6,5,5,36.44,44.8
6,5,5,44.8,45.0
6,5,6,45.0,43.9
5,5,6,43.9,48.06
5,5,5,48.06,45.53
6,5,5,45.53,44.84
6,4,5,44.84,36.84
6,4,5,44.84,36.84
6,4,5,44.84,36.84
6,4,5,44.84,36.84
6,4,5,44.84,36.84
6,4,5,44.84,36.84
6,4,5,44.84,36.84
5,4,5,36.84,45.47
5,4,5,36.84,45.47
5,5,5,45.47,47.16
5,6,5,47.16,47.72
5,5,5,47.72,45.94
5,4,5,45.94,42.12
6,4,5,42.12,36.53
6,4,5,42.12,36.53
6,4,5,42.12,36.53
6,4,5,42.12,36.53
6,5,5,36.53,43.72
6,4,5,43.72,38.53
6,5,5,38.53,43.25
5,5,5,43.25,48.8
4,5,5,48.8,45.34
3,5,5,45.34,42.53
2,5,5,42.53,46.0
2,4,5,46.0,33.0
2,5,5,33.0,42.47
2,6,5,42.47,45.5
2,6,4,45.5,45.88
2,7,4,45.88,46.56
1,7,4,46.56,44.12
1,7,4,46.56,44.12
1,7,4,44.12,47.2
1,6,4,47.2,42.0
1,5,4,42.0,37.6
1,5,4,42.0,37.6
1,5,4,42.0,37.6
1,4,4,37.6,22.8
1,4,4,37.6,22.8
1,4,4,37.6,22.8
1,5,4,22.8,39.4
1,5,5,39.4,35.88
1,4,5,35.88,24.33
2,4,5,24.33,16.0
2,4,5,24.33,16.0
2,4,4,16.0,32.72
2,4,4,16.0,32.72
2,4,5,32.72,34.72
3,4,5,34.72,31.44
3,5,5,31.44,41.53
3,4,5,41.53,40.06
3,4,5,41.53,40.06
3,5,5,40.06,44.06
3,6,5,44.06,44.25
3,5,5,44.25,40.78
4,5,5,40.78,44.16
4,4,5,44.16,40.6
4,4,4,40.6,39.16
4,4,4,40.6,39.16
5,4,4,39.16,36.25
6,4,4,36.25,35.88
6,4,4,36.25,35.88
6,4,4,36.25,35.88
6,4,4,36.25,35.88
6,4,4,35.88,45.03
6,4,4,35.88,45.03
6,4,4,35.88,45.03
6,5,4,45.03,45.06
6,5,5,45.06,43.72
6,5,4,43.72,45.66
6,5,4,45.66,46.6
5,5,4,46.6,47.06
5,6,4,47.06,46.94
5,6,5,46.94,48.0
5,7,5,48.0,49.66
5,8,5,49.66,50.06
5,9,5,50.06,50.34
5,9,5,50.06,50.34
5,9,6,50.34,51.25
5,9,6,50.34,51.25
5,8,6,51.25,51.16
6,8,6,51.16,49.6
6,8,6,51.16,49.6
6,7,6,49.6,47.56
6,7,6,49.6,47.56
6,8,6,47.56,49.4
6,8,6,49.4,50.0
6,9,6,50.0,49.78
6,9,7,49.78,50.03
6,8,7,50.03,48.8
6,8,6,48.8,49.22
5,8,6,49.22,50.0
5,8,5,50.0,50.0
4,8,5,50.0,49.47
4,8,4,49.47,49.38
3,8,4,49.38,47.0
3,7,4,47.0,47.88
3,7,4,47.0,47.88
3,6,4,47.88,43.12
4,6,4,43.12,45.88
4,5,4,45.88,41.8
4,4,4,41.8,39.12
4,4,4,41.8,39.12
4,4,4,41.8,39.12
4,4,5,39.12,36.06
4,5,5,36.06,44.4
5,5,5,44.4,46.5
5,6,5,46.5,47.75
6,6,5,47.75,46.88
6,7,5,46.88,48.88
5,7,5,48.88,49.94
5,7,4,49.94,51.2
4,7,4,51.2,47.66
4,8,4,47.66,49.2
5,8,4,49.2,49.88
5,8,4,49.2,49.88
5,8,5,49.88,50.12
6,8,5,50.12,49.78
6,8,6,49.78,49.84
5,8,6,49.84,49.72
4,8,6,49.72,49.34
4,8,6,49.34,49.6
5,8,6,49.6,49.94
6,8,6,49.94,49.78
5,8,6,49.78,49.47
6,8,6,49.47,50.12
6,8,6,49.47,50.12
6,9,6,50.12,50.56
5,9,6,50.56,50.34
5,9,6,50.56,50.34
6,9,6,50.34,51.56
6,8,6,51.56,49.78
5,8,6,49.78,49.88
5,9,6,49.88,51.16
6,9,6,51.16,50.03
5,9,6,50.03,50.28
5,8,6,50.28,51.0
6,8,6,51.0,49.97
6,8,6,51.0,49.97
6,8,6,49.97,50.38
6,8,6,49.97,50.38
5,8,6,50.38,50.47
5,7,6,50.47,48.38
6,7,6,48.38,49.7
5,7,6,49.7,50.0
5,6,6,50.0,49.1
4,6,6,49.1,45.72
5,6,6,45.72,49.1
6,6,6,49.1,46.47
6,7,6,46.47,48.12
6,8,6,48.12,49.88
6,8,6,49.88,50.7
6,8,6,50.7,49.4
6,8,7,49.4,50.16
6,7,7,50.16,48.62
6,6,7,48.62,45.66
6,7,7,45.66,49.06
6,6,7,49.06,46.7
6,7,7,46.7,47.62
6,6,7,47.62,46.34
6,5,7,46.34,43.44
6,5,6,43.44,43.97
6,6,6,43.97,44.5
6,7,6,44.5,48.53
6,7,6,44.5,48.53
6,6,6,48.53,45.47
6,5,6,45.47,44.66
6,5,5,44.66,43.62
5,5,5,43.62,47.53
5,4,5,47.53,41.6
5,4,4,41.6,42.62
4,4,4,42.62,43.25
4,5,4,43.25,44.03
4,6,4,44.03,47.72
5,6,4,47.72,48.8
5,5,4,48.8,44.8
5,5,4,48.8,44.8
5,6,4,44.8,48.3
5,5,4,48.3,48.03
5,5,4,48.03,46.84
5,4,4,46.84,42.06
5,4,4,46.84,42.06
5,4,4,46.84,42.06
5,4,4,46.84,42.06
5,4,4,46.84,42.06
6,4,4,42.06,34.44
5,4,4,34.44,46.28
5,4,4,34.44,46.28
4,4,4,46.28,43.53
4,5,4,43.53,44.0
4,6,4,44.0,45.53
4,6,5,45.53,46.2
5,6,5,46.2,49.16
5,6,4,49.16,47.94
5,5,4,47.94,47.12
5,6,4,47.12,48.3
5,6,4,48.3,49.78
6,6,4,49.78,47.2
6,5,4,47.2,41.6
5,5,4,41.6,47.34
6,5,4,47.34,44.3
6,5,4,47.34,44.3
6,6,4,44.3,47.1
6,6,4,44.3,47.1
6,5,4,47.1,44.2
6,6,4,44.2,45.97
6,6,5,45.97,47.03
6,6,5,47.03,47.3
6,5,5,47.3,45.66
6,4,5,45.66,37.9
6,5,5,37.9,44.25
5,5,5,44.25,49.28
5,5,6,49.28,47.4
5,5,5,47.4,46.75
6,5,5,46.75,42.4
5,5,5,42.4,48.8
6,5,5,48.8,42.38
6,4,5,42.38,37.56
6,4,5,42.38,37.56
6,4,5,42.38,37.56
6,5,5,37.56,44.34
6,5,5,37.56,44.34
6,5,5,37.56,44.34
6,4,5,44.34,38.0
6,5,5,38.0,44.38
6,5,5,38.0,44.38
5,5,5,44.38,47.47
5,5,6,47.47,46.88
5,4,6,46.88,47.2
5,5,6,47.2,47.28
5,6,6,47.28,48.06
5,6,7,48.06,49.2
6,6,7,49.2,48.12
6,6,7,49.2,48.12
5,6,7,48.12,49.66
6,6,7,49.66,46.7
6,6,7,49.66,46.7
6,6,8,46.7,47.44
6,7,8,47.44,48.5
5,7,8,48.5,50.34
5,7,8,50.34,49.12
5,6,8,49.12,48.5
5,5,8,48.5,47.12
6,5,8,47.12,45.7
6,5,8,47.12,45.7
6,4,8,45.7,37.06
6,4,8,45.7,37.06
6,4,8,45.7,37.06
6,4,8,45.7,37.06
6,4,8,45.7,37.06
6,4,8,45.7,37.06
6,4,8,45.7,37.06
6,4,7,37.06,37.94
6,4,7,37.94,41.28
6,5,7,41.28,43.06
6,5,6,43.06,42.25
6,5,7,42.25,43.3
6,5,7,43.3,46.88
5,5,7,46.88,48.06
5,6,7,48.06,50.03
5,6,8,50.03,47.5
4,6,8,47.5,47.12
4,7,8,47.12,47.44
3,7,8,47.44,48.0
4,7,8,48.0,47.78
4,6,8,47.78,46.3
4,6,9,46.3,46.06
4,6,8,46.06,45.94
4,5,8,45.94,45.28
4,5,9,45.28,43.2
4,6,9,43.2,46.4
4,6,9,46.4,45.62
5,6,9,45.62,49.75
6,6,9,49.75,46.88
6,7,9,46.88,48.47
6,7,9,48.47,49.47
6,7,9,48.47,49.47
6,6,9,49.47,47.5
6,6,9,49.47,47.5
6,6,9,47.5,47.7
6,7,9,47.7,49.6
5,7,9,49.6,49.6
5,7,8,49.6,49.97
5,8,8,49.97,49.88
5,7,8,49.88,47.97
4,7,8,47.97,48.16
5,7,8,48.16,49.97
4,7,8,49.97,47.6
4,6,8,47.6,46.47
4,5,8,46.47,43.66
5,5,8,43.66,42.88
5,6,8,42.88,48.38
6,6,8,48.38,47.84
6,6,8,48.38,47.84
6,6,8,48.38,47.84
6,5,8,47.84,41.75
6,4,8,41.75,34.9
6,4,8,41.75,34.9
6,4,8,41.75,34.9
6,4,8,41.75,34.9
6,4,8,41.75,34.9
6,5,8,34.9,43.97
6,4,8,43.97,37.84
6,5,8,37.84,43.0
6,5,8,37.84,43.0
6,4,8,43.0,35.84
6,5,8,35.84,43.3
6,5,8,35.84,43.3
6,5,8,35.84,43.3
6,5,8,35.84,43.3
6,5,8,35.84,43.3
6,4,8,43.3,35.16
6,4,8,43.3,35.16
6,4,7,35.16,34.7
6,4,7,35.16,34.7
6,5,7,34.7,45.47
6,4,7,45.47,39.84
6,4,7,39.84,43.25
6,4,7,39.84,43.25
6,4,7,39.84,43.25
5,4,7,43.25,47.97
5,4,8,47.97,39.84
5,4,8,47.97,39.84
6,4,8,39.84,40.44
6,4,8,39.84,40.44
6,4,8,39.84,40.44
6,4,8,39.84,40.44
6,5,8,40.44,45.12
6,4,8,45.12,35.97
5,4,8,35.97,46.94
6,4,8,46.94,38.66
6,5,8,38.66,44.28
6,5,8,38.66,44.28
5,5,8,44.28,46.88
5,4,8,46.88,40.4
5,4,8,46.88,40.4
5,4,8,46.88,40.4
5,4,8,46.88,40.4
6,4,8,40.4,39.8
6,5,8,39.8,43.78
6,5,8,43.78,46.2
5,5,8,46.2,47.53
5,6,8,47.53,48.38
5,5,8,48.38,47.16
6,5,8,47.16,45.16
6,5,8,47.16,45.16
6,5,8,47.16,45.16
6,5,8,47.16,45.16
6,6,8,45.16,46.3
5,6,8,46.3,49.34
5,5,8,49.34,46.62
5,5,8,46.62,46.94
4,5,8,46.94,45.62
4,6,8,45.62,45.94
4,5,8,45.94,43.8
4,6,8,43.8,45.7
4,6,9,45.7,45.94
3,6,9,45.94,46.47
2,6,9,46.47,48.0
3,6,9,48.0,44.84
3,7,9,44.84,47.7
3,8,9,47.7,49.56
3,7,9,49.56,47.78
3,6,9,47.78,44.84
3,6,8,44.84,44.47
3,7,8,44.47,47.28
3,6,8,47.28,44.72
4,6,8,44.72,45.44
5,6,8,45.44,48.44
4,6,8,48.44,49.06
5,6,8,49.06,49.22
5,6,9,49.22,49.47
4,6,9,49.47,46.0
5,6,9,46.0,48.84
5,7,9,48.84,50.12
5,8,9,50.12,49.6
6,8,9,49.6,51.28
6,8,9,51.28,50.72
6,8,9,51.28,50.72
5,8,9,50.72,50.06
5,8,8,50.06,50.34
6,8,8,50.34,50.8
6,8,7,50.8,49.47
6,7,7,49.47,48.28
5,7,7,48.28,49.72
6,7,7,49.72,48.78
6,8,7,48.78,49.12
6,8,7,48.78,49.12
5,8,7,49.12,49.34
5,8,6,49.34,50.56
4,8,6,50.56,49.28
4,9,6,49.28,49.8
3,9,6,49.8,49.4
4,9,6,49.4,50.97
4,9,5,50.97,49.88
3,9,5,49.88,46.06
4,9,5,46.06,49.88
4,9,5,49.88,48.78
4,9,5,48.78,51.4
4,9,6,51.4,49.66
3,9,6,49.66,48.88
4,9,6,48.88,49.97
5,9,6,49.97,50.44
5,9,5,50.44,51.03
5,8,5,51.03,50.88
4,8,5,50.88,49.28
4,9,5,49.28,50.34
5,9,5,50.34,51.25
5,8,5,51.25,48.06
6,8,5,48.06,49.22
5,8,5,49.22,49.0
5,8,5,49.0,49.88
6,8,5,49.88,50.06
6,8,4,50.06,49.06
5,8,4,49.06,49.88
5,7,4,49.88,50.28
5,7,4,50.28,51.0
5,8,4,51.0,49.5
5,7,4,49.5,49.22
5,7,4,49.5,49.22
5,6,4,49.22,49.25
5,5,4,49.25,47.12
5,6,4,47.12,48.84
5,7,4,48.84,49.03
5,7,4,49.03,50.03
6,7,4,50.03,50.66
6,6,4,50.66,45.44
6,6,5,45.44,46.75
6,6,4,46.75,46.1
6,6,4,46.1,46.25
6,6,4,46.1,46.25
6,7,4,46.25,50.0
6,6,4,50.0,45.94
5,6,4,45.94,49.47
5,7,4,49.47,49.56
5,6,4,49.56,48.03
5,6,5,48.03,48.72
5,6,5,48.72,48.75
4,6,5,48.75,47.1
4,7,5,47.1,46.88
4,8,5,46.88,48.88
4,9,5,48.88,49.94
4,8,5,49.94,48.47
4,9,5,48.47,50.78
3,9,5,50.78,49.4
3,9,4,49.4,49.84
4,9,4,49.84,50.28
4,9,4,49.84,50.28
3,9,4,50.28,50.06
3,8,4,50.06,48.0
2,8,4,48.0,48.88
3,8,4,48.88,48.94
4,8,4,48.94,49.4
3,8,4,49.4,50.2
3,7,4,50.2,47.66
3,6,4,47.66,45.06
3,6,4,45.06,45.06
2,6,4,45.06,45.72
2,6,4,45.06,45.72
2,5,4,45.72,36.66
2,5,4,36.66,41.78
1,5,4,41.78,43.72
1,5,4,41.78,43.72
2,5,4,43.72,40.66
2,6,4,40.66,43.28
2,7,4,43.28,47.5
2,6,4,47.5,41.53
2,5,4,41.53,41.8
2,5,4,41.53,41.8
